,0,1,2,D,Y
0,0.0,0.0,0.0,0,1.7886284734303186
1,0.0,0.0,0.0,0,0.43650985051198943
2,0.0,0.0,0.0,0,0.09649746807200862
3,0.0,0.0,0.0,0,-1.8634927033644908
4,0.0,0.0,0.0,0,-0.27738820251439905
5,0.0,0.0,0.0,0,-0.35475897926898675
6,0.0,0.0,0.0,0,-0.08274148148245977
7,0.0,0.0,0.0,0,-0.6270006768238473
8,0.0,0.0,0.0,0,-0.04381816897592824
9,0.0,0.0,0.0,0,-0.47721803035950267
10,0.0,0.0,0.0,0,-1.3138647533626822
11,0.0,0.0,0.0,0,0.8846223804995846
12,0.0,0.0,0.0,0,0.8813180422075299
13,0.0,0.0,0.0,0,1.7095730636529485
14,0.0,0.0,0.0,0,0.05003364217686021
15,0.0,0.0,0.0,0,-0.40467741460089085
16,0.0,0.0,0.0,0,-0.5453599476195304
17,0.0,0.0,0.0,0,-1.5464773155829683
18,0.0,0.0,0.0,0,0.9823674342581601
19,0.0,0.0,0.0,0,-1.1010676301114757
20,0.0,0.0,0.0,0,-1.1850465270201729
21,0.0,0.0,0.0,0,-0.20564989942254108
22,0.0,0.0,0.0,0,1.4861483550745902
23,0.0,0.0,0.0,0,0.23671626722691233
24,0.0,0.0,0.0,0,-1.0237851399264681
25,0.0,0.0,0.0,0,-0.7129932001120494
26,0.0,0.0,0.0,0,0.6252449661628293
27,0.0,0.0,0.0,0,-0.1605133631869239
28,0.0,0.0,0.0,0,-0.76883635031923
29,0.0,0.0,0.0,0,-0.23003072227793905
30,0.0,0.0,0.0,0,0.7450562664053708
31,0.0,0.0,0.0,0,1.9761107831263025
32,0.0,0.0,0.0,0,-1.244123328955937
33,0.0,0.0,0.0,0,-0.6264169111883692
34,0.0,0.0,0.0,0,-0.8037660945765764
35,0.0,0.0,0.0,0,-2.4190831731786697
36,0.0,0.0,0.0,0,-0.9237920216957886
37,0.0,0.0,0.0,0,-1.0238757608428377
38,0.0,0.0,0.0,0,1.1239779589574683
39,0.0,0.0,0.0,0,-0.1319142328009009
40,0.0,0.0,0.0,0,-1.6232854458352473
41,0.0,0.0,0.0,0,0.6466754522701722
42,0.0,0.0,0.0,0,-0.35627075944674486
43,0.0,0.0,0.0,0,-1.7431410369534588
44,0.0,0.0,0.0,0,-0.5966496416841992
45,0.0,0.0,0.0,0,-0.5885943796882429
46,0.0,0.0,0.0,0,-0.8738822977622994
47,0.0,0.0,0.0,0,0.02971381536101662
48,0.0,0.0,0.0,0,-2.248257767576606
49,0.0,0.0,0.0,0,-0.2677618648460562
50,0.0,0.0,1.0,1,-0.9868165581135055
51,0.0,0.0,1.0,1,-1.1472021590458505
52,0.0,0.0,1.0,1,-0.8918125000650075
53,0.0,0.0,1.0,1,-0.8806093446811085
54,0.0,0.0,1.0,1,-0.5124568680074604
55,0.0,0.0,1.0,1,-3.118300684400365
56,0.0,0.0,1.0,1,-1.154166592942818
57,0.0,0.0,1.0,1,-3.8608895289421135
58,0.0,0.0,1.0,1,-2.6028851040072185
59,0.0,0.0,1.0,1,-3.914472043405814
60,0.0,0.0,1.0,1,-0.9518524877537449
61,0.0,0.0,1.0,1,-0.6662621805575133
62,0.0,0.0,1.0,1,-2.19741467915825
63,0.0,0.0,1.0,1,-0.22535496859406523
64,0.0,0.0,1.0,1,-2.6747275103117136
65,0.0,0.0,1.0,1,-1.8493831346349778
66,0.0,0.0,1.0,1,-1.8470542972375183
67,0.0,0.0,1.0,1,-3.0641952739365244
68,0.0,0.0,1.0,1,-1.562053388719918
69,0.0,0.0,1.0,1,-0.061021539599505736
70,0.0,0.0,1.0,1,-3.0249308746080867
71,0.0,0.0,1.0,1,-1.1006615541591858
72,0.0,0.0,1.0,1,-2.1545068518992876
73,0.0,0.0,1.0,1,-0.23037269670625715
74,0.0,0.0,1.0,1,-1.5162116523994698
75,0.0,0.0,1.0,1,-1.3237836001369379
76,0.0,0.0,1.0,1,-1.3568367194042814
77,0.0,0.0,1.0,1,-1.750913293274166
78,0.0,0.0,1.0,1,-3.395763502640675
79,0.0,0.0,1.0,1,-0.6083370922551925
80,0.0,0.0,1.0,1,-3.3706690125520167
81,0.0,0.0,1.0,1,-1.7614368075940987
82,0.0,0.0,1.0,1,-1.3859229122459062
83,0.0,0.0,1.0,1,-2.837912272702294
84,0.0,0.0,1.0,1,-1.854936785896472
85,0.0,0.0,1.0,1,-0.8321177136983582
86,0.0,0.0,1.0,1,-2.02410447007123
87,0.0,0.0,1.0,1,-2.888657417852949
88,0.0,0.0,1.0,1,-4.915737751792712
89,0.0,0.0,1.0,1,-2.9718405025726096
90,0.0,0.0,1.0,1,-2.5910787384858756
91,0.0,0.0,1.0,1,-2.516417367788474
92,0.0,0.0,1.0,1,-2.9599961802272166
93,0.0,0.0,1.0,1,-1.6227047658867995
94,0.0,0.0,1.0,1,-2.574708420492705
95,0.0,0.0,1.0,1,-2.1094543338806084
96,0.0,0.0,1.0,1,-1.320928400174493
97,0.0,0.0,1.0,1,-2.8554371686598814
98,0.0,0.0,1.0,1,-2.3002060745195507
99,0.0,0.0,1.0,1,0.15814934205691866
100,0.0,0.0,2.0,2,-1.1257142773894797
101,0.0,0.0,2.0,2,-3.2935366319217843
102,0.0,0.0,2.0,2,-2.0797409381855716
103,0.0,0.0,2.0,2,-1.435514481705403
104,0.0,0.0,2.0,2,-0.7665289555468437
105,0.0,0.0,2.0,2,-1.8510136053190092
106,0.0,0.0,2.0,2,-2.5305821443551046
107,0.0,0.0,2.0,2,-2.73052664369333
108,0.0,0.0,2.0,2,-1.3549380150160908
109,0.0,0.0,2.0,2,-1.6869396259758935
110,0.0,0.0,2.0,2,-2.51664792479815
111,0.0,0.0,2.0,2,-2.1890716664357126
112,0.0,0.0,2.0,2,-2.416198015130148
113,0.0,0.0,2.0,2,-1.2753423417605503
114,0.0,0.0,2.0,2,-2.6899606773138656
115,0.0,0.0,2.0,2,-1.513585524731385
116,0.0,0.0,2.0,2,-1.1484810495152917
117,0.0,0.0,2.0,2,-1.5137506738916888
118,0.0,0.0,2.0,2,-2.8342398506717847
119,0.0,0.0,2.0,2,-0.655007543377762
120,0.0,0.0,2.0,2,-2.6782126793411516
121,0.0,0.0,2.0,2,-1.5735649255599247
122,0.0,0.0,2.0,2,-2.7533347935974724
123,0.0,0.0,2.0,2,-3.7441102506410937
124,0.0,0.0,2.0,2,-1.7742497337541798
125,0.0,0.0,2.0,2,-1.7129648353051756
126,0.0,0.0,2.0,2,-2.0774409605599393
127,0.0,0.0,2.0,2,-1.723931502757157
128,0.0,0.0,2.0,2,-2.648410888306482
129,0.0,0.0,2.0,2,-2.7374648374587585
130,0.0,0.0,2.0,2,-2.1680900986219145
131,0.0,0.0,2.0,2,-0.09072319073343404
132,0.0,0.0,2.0,2,-1.1851854587486748
133,0.0,0.0,2.0,2,-2.5199917540975636
134,0.0,0.0,2.0,2,-1.4412867951525765
135,0.0,0.0,2.0,2,-2.4783646604432104
136,0.0,0.0,2.0,2,-2.4572607871383068
137,0.0,0.0,2.0,2,-1.1407159917353245
138,0.0,0.0,2.0,2,-2.5252646451556338
139,0.0,0.0,2.0,2,-3.675634634184595
140,0.0,0.0,2.0,2,-2.9064947005743282
141,0.0,0.0,2.0,2,-1.911584793797994
142,0.0,0.0,2.0,2,-1.8719921788838991
143,0.0,0.0,2.0,2,-0.7583834818414603
144,0.0,0.0,2.0,2,-2.7160257975174193
145,0.0,0.0,2.0,2,-1.2685342641798947
146,0.0,0.0,2.0,2,-1.574033250150216
147,0.0,0.0,2.0,2,-2.149013772215502
148,0.0,0.0,2.0,2,-1.1641560978180272
149,0.0,0.0,2.0,2,-1.5078810970862033
150,0.0,1.0,0.0,3,0.13769151306312621
151,0.0,1.0,0.0,3,2.071683929782794
152,0.0,1.0,0.0,3,-0.22090191989613328
153,0.0,1.0,0.0,3,1.0596154330903296
154,0.0,1.0,0.0,3,1.0024441619892352
155,0.0,1.0,0.0,3,1.424635720859857
156,0.0,1.0,0.0,3,0.2745665196014877
157,0.0,1.0,0.0,3,0.9650566144479094
158,0.0,1.0,0.0,3,0.8593799729840818
159,0.0,1.0,0.0,3,1.9970883670936515
160,0.0,1.0,0.0,3,0.20408530677660974
161,0.0,1.0,0.0,3,1.0727455291514345
162,0.0,1.0,0.0,3,0.7387595153279815
163,0.0,1.0,0.0,3,-0.29804663766948236
164,0.0,1.0,0.0,3,3.676112467653689
165,0.0,1.0,0.0,3,0.928780972839439
166,0.0,1.0,0.0,3,-0.48665807092076085
167,0.0,1.0,0.0,3,2.40862695884896
168,0.0,1.0,0.0,3,-0.07058549915250323
169,0.0,1.0,0.0,3,1.37086997203026
170,0.0,1.0,0.0,3,1.8628320949627666
171,0.0,1.0,0.0,3,0.35156797722394184
172,0.0,1.0,0.0,3,0.5691099446143983
173,0.0,1.0,0.0,3,0.459729736209446
174,0.0,1.0,0.0,3,0.870638990248946
175,0.0,1.0,0.0,3,-0.6224611704696181
176,0.0,1.0,0.0,3,-0.23563662410612252
177,0.0,1.0,0.0,3,0.8592135578153763
178,0.0,1.0,0.0,3,2.0389521173544556
179,0.0,1.0,0.0,3,1.6317441774290868
180,0.0,1.0,0.0,3,2.7294174292102973
181,0.0,1.0,0.0,3,1.694052272069424
182,0.0,1.0,0.0,3,0.488871007447086
183,0.0,1.0,0.0,3,0.8771565943869607
184,0.0,1.0,0.0,3,-1.030393553778298
185,0.0,1.0,0.0,3,0.0392248897860662
186,0.0,1.0,0.0,3,-0.02035927880398547
187,0.0,1.0,0.0,3,1.2705934249706647
188,0.0,1.0,0.0,3,1.647829797409858
189,0.0,1.0,0.0,3,0.4396265811158381
190,0.0,1.0,0.0,3,0.41149838032057107
191,0.0,1.0,0.0,3,-0.5465558228110778
192,0.0,1.0,0.0,3,0.8722379421141406
193,0.0,1.0,0.0,3,1.2481680271468232
194,0.0,1.0,0.0,3,1.4457809586531427
195,0.0,1.0,0.0,3,0.21729095655253605
196,0.0,1.0,0.0,3,2.9884896798105514
197,0.0,1.0,0.0,3,2.195058335971276
198,0.0,1.0,0.0,3,0.9047624012993758
199,0.0,1.0,0.0,3,0.47281222066604
200,0.0,2.0,0.0,6,0.6784153069078165
201,0.0,2.0,0.0,6,1.1511303716529917
202,0.0,2.0,0.0,6,0.9813722844430409
203,0.0,2.0,0.0,6,1.483528787408307
204,0.0,2.0,0.0,6,1.7689651576916865
205,0.0,2.0,0.0,6,2.3662428435589185
206,0.0,2.0,0.0,6,2.147264793112611
207,0.0,2.0,0.0,6,0.8897708445980764
208,0.0,2.0,0.0,6,1.3882504142848946
209,0.0,2.0,0.0,6,0.6128728188220371
210,0.0,2.0,0.0,6,0.41277968767168804
211,0.0,2.0,0.0,6,2.910826851356366
212,0.0,2.0,0.0,6,0.540153849781901
213,0.0,2.0,0.0,6,2.9907378123222452
214,0.0,2.0,0.0,6,0.6509646070174698
215,0.0,2.0,0.0,6,1.2528250912215497
216,0.0,2.0,0.0,6,2.089409548186299
217,0.0,2.0,0.0,6,1.023922021808915
218,0.0,2.0,0.0,6,1.3931252812580668
219,0.0,2.0,0.0,6,0.7586152001906438
220,0.0,2.0,0.0,6,0.5244751421867524
221,0.0,2.0,0.0,6,0.8342229768685621
222,0.0,2.0,0.0,6,0.35028257925297557
223,0.0,2.0,0.0,6,2.6313829539585933
224,0.0,2.0,0.0,6,0.832301397233536
225,0.0,2.0,0.0,6,2.7226691978466993
226,0.0,2.0,0.0,6,-1.6851086777996254
227,0.0,2.0,0.0,6,1.0184207947146513
228,0.0,2.0,0.0,6,1.561951672422086
229,0.0,2.0,0.0,6,0.7061787621623901
230,0.0,2.0,0.0,6,2.094653079198753
231,0.0,2.0,0.0,6,1.6396923552031146
232,0.0,2.0,0.0,6,0.7253998796780974
233,0.0,2.0,0.0,6,1.4350092581717444
234,0.0,2.0,0.0,6,3.8118783750058736
235,0.0,2.0,0.0,6,1.2519951266832265
236,0.0,2.0,0.0,6,1.2995023312069633
237,0.0,2.0,0.0,6,0.5600086887720348
238,0.0,2.0,0.0,6,1.1334970410228065
239,0.0,2.0,0.0,6,-0.2892611938117313
240,0.0,2.0,0.0,6,0.8017097433370359
241,0.0,2.0,0.0,6,3.457587626290851
242,0.0,2.0,0.0,6,2.0672155507363046
243,0.0,2.0,0.0,6,1.641420655594048
244,0.0,2.0,0.0,6,2.103921664604996
245,0.0,2.0,0.0,6,2.8817549911074853
246,0.0,2.0,0.0,6,1.5935881147911206
247,0.0,2.0,0.0,6,3.0708785257760858
248,0.0,2.0,0.0,6,2.0697983584569934
249,0.0,2.0,0.0,6,1.1665195100182666
250,0.0,1.0,1.0,4,2.7194765552886366
251,0.0,1.0,1.0,4,-1.3592147380127781
252,0.0,1.0,1.0,4,0.4286510380712243
253,0.0,1.0,1.0,4,1.265787046748005
254,0.0,1.0,1.0,4,0.08790908686611454
255,0.0,1.0,1.0,4,0.8439415971705005
256,0.0,1.0,1.0,4,0.36120910362236325
257,0.0,1.0,1.0,4,0.34558478841433327
258,0.0,1.0,1.0,4,3.711926334530005
259,0.0,1.0,1.0,4,1.6274738890733786
260,0.0,1.0,1.0,4,0.9460521508095125
261,0.0,1.0,1.0,4,2.31516722427488
262,0.0,1.0,1.0,4,0.7626625244689083
263,0.0,1.0,1.0,4,1.885339675170791
264,0.0,1.0,1.0,4,1.350815840962548
265,0.0,1.0,1.0,4,2.6265736049587147
266,0.0,1.0,1.0,4,-0.4198713063281829
267,0.0,1.0,1.0,4,1.7657210720237915
268,0.0,1.0,1.0,4,1.1222497453650573
269,0.0,1.0,1.0,4,-0.1573833756642402
270,0.0,1.0,1.0,4,2.065420181582666
271,0.0,1.0,1.0,4,0.12762433867056988
272,0.0,1.0,1.0,4,2.619238484596983
273,0.0,1.0,1.0,4,1.5130930084025072
274,0.0,1.0,1.0,4,1.6954839830855626
275,0.0,1.0,1.0,4,1.08045738824723
276,0.0,1.0,1.0,4,1.904528486758732
277,0.0,1.0,1.0,4,-0.8656511724848381
278,0.0,1.0,1.0,4,1.0747277939499373
279,0.0,1.0,1.0,4,0.3717491931958996
280,0.0,1.0,1.0,4,1.2826603073765432
281,0.0,1.0,1.0,4,0.9528430933468482
282,0.0,1.0,1.0,4,1.6165778833156859
283,0.0,1.0,1.0,4,0.16236855323786048
284,0.0,1.0,1.0,4,2.8391518871873185
285,0.0,1.0,1.0,4,3.3158585972504517
286,0.0,1.0,1.0,4,0.7917165819172491
287,0.0,1.0,1.0,4,0.9850268141823764
288,0.0,1.0,1.0,4,1.2875576503663562
289,0.0,1.0,1.0,4,2.264085750377662
290,0.0,1.0,1.0,4,2.8969009558036363
291,0.0,1.0,1.0,4,-0.20580279080851493
292,0.0,1.0,1.0,4,0.38489143558548744
293,0.0,1.0,1.0,4,-0.06215612342783006
294,0.0,1.0,1.0,4,-0.11278115043882919
295,0.0,1.0,1.0,4,-0.639296247316983
296,0.0,1.0,1.0,4,1.3628034862171354
297,0.0,1.0,1.0,4,-0.1590364650212066
298,0.0,1.0,1.0,4,2.5032619527054862
299,0.0,1.0,1.0,4,1.90831871634047
300,0.0,1.0,2.0,5,-3.029709525313277
301,0.0,1.0,2.0,5,-3.030208617706558
302,0.0,1.0,2.0,5,-2.6123844176841136
303,0.0,1.0,2.0,5,-0.6000345039781352
304,0.0,1.0,2.0,5,-2.849607359713011
305,0.0,1.0,2.0,5,-3.4935496677890385
306,0.0,1.0,2.0,5,-2.049423885255339
307,0.0,1.0,2.0,5,-1.626610055998639
308,0.0,1.0,2.0,5,-2.657257485082811
309,0.0,1.0,2.0,5,-0.3805691933592952
310,0.0,1.0,2.0,5,-1.7595432195854124
311,0.0,1.0,2.0,5,-1.546962213225125
312,0.0,1.0,2.0,5,-2.8555327209832657
313,0.0,1.0,2.0,5,-2.0397298385950893
314,0.0,1.0,2.0,5,-2.156518814228083
315,0.0,1.0,2.0,5,-4.2722441146208565
316,0.0,1.0,2.0,5,-1.7123427712891388
317,0.0,1.0,2.0,5,-3.7948070353223224
318,0.0,1.0,2.0,5,-2.0287856456121585
319,0.0,1.0,2.0,5,-3.473942826818239
320,0.0,1.0,2.0,5,0.019650642095354165
321,0.0,1.0,2.0,5,-1.6737377270513436
322,0.0,1.0,2.0,5,-1.138642386116226
323,0.0,1.0,2.0,5,-1.0809918689547546
324,0.0,1.0,2.0,5,-3.3244886972948615
325,0.0,1.0,2.0,5,-4.281792314960537
326,0.0,1.0,2.0,5,-2.3295781528443635
327,0.0,1.0,2.0,5,-1.1028502528136328
328,0.0,1.0,2.0,5,-1.9089654884226654
329,0.0,1.0,2.0,5,-1.2145677529229095
330,0.0,1.0,2.0,5,-1.0633674269897915
331,0.0,1.0,2.0,5,-3.4923971010206296
332,0.0,1.0,2.0,5,-1.712316276281554
333,0.0,1.0,2.0,5,-0.03352537208466333
334,0.0,1.0,2.0,5,-2.5705322951029475
335,0.0,1.0,2.0,5,-4.029072125738085
336,0.0,1.0,2.0,5,-2.231904553197605
337,0.0,1.0,2.0,5,-2.4646687211489007
338,0.0,1.0,2.0,5,-1.5816189773813287
339,0.0,1.0,2.0,5,-2.8924063346634243
340,0.0,1.0,2.0,5,-1.9092832269713536
341,0.0,1.0,2.0,5,-4.217417611036652
342,0.0,1.0,2.0,5,-1.1460366283436119
343,0.0,1.0,2.0,5,-0.4131334569337186
344,0.0,1.0,2.0,5,-0.7021223861415422
345,0.0,1.0,2.0,5,-3.515215658427796
346,0.0,1.0,2.0,5,-1.680803824124396
347,0.0,1.0,2.0,5,-4.983970204881963
348,0.0,1.0,2.0,5,-1.71681407821951
349,0.0,1.0,2.0,5,-2.0643601718892204
350,0.0,2.0,1.0,7,0.004205755542482703
351,0.0,2.0,1.0,7,1.3437945184982996
352,0.0,2.0,1.0,7,1.138014655008037
353,0.0,2.0,1.0,7,1.9395028541954218
354,0.0,2.0,1.0,7,1.1273085242395575
355,0.0,2.0,1.0,7,1.235027012864423
356,0.0,2.0,1.0,7,-0.9450722621737431
357,0.0,2.0,1.0,7,-0.15972295099010791
358,0.0,2.0,1.0,7,0.5241006130904708
359,0.0,2.0,1.0,7,1.2968445307701741
360,0.0,2.0,1.0,7,0.9937012210426651
361,0.0,2.0,1.0,7,2.5008903569010315
362,0.0,2.0,1.0,7,0.12984080996234226
363,0.0,2.0,1.0,7,0.7603679265345292
364,0.0,2.0,1.0,7,1.2550806947827813
365,0.0,2.0,1.0,7,0.7685025903732939
366,0.0,2.0,1.0,7,1.4955803951768905
367,0.0,2.0,1.0,7,0.429437175995128
368,0.0,2.0,1.0,7,2.4203423051592967
369,0.0,2.0,1.0,7,0.680409859067108
370,0.0,2.0,1.0,7,2.115945184581824
371,0.0,2.0,1.0,7,0.9696966327988857
372,0.0,2.0,1.0,7,2.4915223463278613
373,0.0,2.0,1.0,7,-0.398116010837694
374,0.0,2.0,1.0,7,1.5167975541033187
375,0.0,2.0,1.0,7,0.567423623850122
376,0.0,2.0,1.0,7,1.2314007610214845
377,0.0,2.0,1.0,7,2.192805165554872
378,0.0,2.0,1.0,7,-0.13909679881144799
379,0.0,2.0,1.0,7,-0.3220297347269756
380,0.0,2.0,1.0,7,0.0016331213802130984
381,0.0,2.0,1.0,7,1.2543875743021133
382,0.0,2.0,1.0,7,-0.8868369253608048
383,0.0,2.0,1.0,7,1.096593734376432
384,0.0,2.0,1.0,7,-0.2862293276273751
385,0.0,2.0,1.0,7,-0.14372182633712693
386,0.0,2.0,1.0,7,0.6308222548166025
387,0.0,2.0,1.0,7,1.3805975845803018
388,0.0,2.0,1.0,7,0.3735854965141229
389,0.0,2.0,1.0,7,0.5079561068575715
390,0.0,2.0,1.0,7,0.9581557718191778
391,0.0,2.0,1.0,7,0.727264463863874
392,0.0,2.0,1.0,7,-1.6765213650405153
393,0.0,2.0,1.0,7,0.5698993929229872
394,0.0,2.0,1.0,7,1.08496405782089
395,0.0,2.0,1.0,7,2.097779487540631
396,0.0,2.0,1.0,7,3.0463327763647605
397,0.0,2.0,1.0,7,1.666987849591698
398,0.0,2.0,1.0,7,1.079092192711059
399,0.0,2.0,1.0,7,0.035236532690540834
400,0.0,2.0,2.0,8,-1.9109466292019293
401,0.0,2.0,2.0,8,-1.2211030977197552
402,0.0,2.0,2.0,8,-0.735355088480744
403,0.0,2.0,2.0,8,-2.8805113340514015
404,0.0,2.0,2.0,8,-1.7635944043690497
405,0.0,2.0,2.0,8,-1.1843955340106138
406,0.0,2.0,2.0,8,-0.1391883308239057
407,0.0,2.0,2.0,8,-1.7444095142647538
408,0.0,2.0,2.0,8,-2.541503716087701
409,0.0,2.0,2.0,8,-2.689599657090617
410,0.0,2.0,2.0,8,-2.357440728728435
411,0.0,2.0,2.0,8,-2.6519202039299428
412,0.0,2.0,2.0,8,-1.173464151796352
413,0.0,2.0,2.0,8,-0.9306942774693012
414,0.0,2.0,2.0,8,-1.2751431777085056
415,0.0,2.0,2.0,8,-0.8078137569308605
416,0.0,2.0,2.0,8,-2.4537685382981795
417,0.0,2.0,2.0,8,-1.6196649413190474
418,0.0,2.0,2.0,8,-2.384663175630516
419,0.0,2.0,2.0,8,-1.9563413117469093
420,0.0,2.0,2.0,8,-0.775014257531029
421,0.0,2.0,2.0,8,-2.0297353118196653
422,0.0,2.0,2.0,8,-3.8648057976546633
423,0.0,2.0,2.0,8,-2.252815987616867
424,0.0,2.0,2.0,8,-2.71284979568728
425,0.0,2.0,2.0,8,-3.5089171197924287
426,0.0,2.0,2.0,8,-2.7903656891853945
427,0.0,2.0,2.0,8,-1.0393751967001463
428,0.0,2.0,2.0,8,-0.3190893510947148
429,0.0,2.0,2.0,8,-2.489006041766177
430,0.0,2.0,2.0,8,-0.9974641632367165
431,0.0,2.0,2.0,8,-0.8217778985275819
432,0.0,2.0,2.0,8,-3.15979226787136
433,0.0,2.0,2.0,8,-2.0393627047471785
434,0.0,2.0,2.0,8,-2.0444601708736205
435,0.0,2.0,2.0,8,-1.8276143211685778
436,0.0,2.0,2.0,8,-3.59375081038187
437,0.0,2.0,2.0,8,-2.3491422391255914
438,0.0,2.0,2.0,8,-0.9421787929377128
439,0.0,2.0,2.0,8,-0.7377968008265299
440,0.0,2.0,2.0,8,-0.16863791898142488
441,0.0,2.0,2.0,8,-2.3375090455172516
442,0.0,2.0,2.0,8,-0.13049244370327395
443,0.0,2.0,2.0,8,-1.3340948883101351
444,0.0,2.0,2.0,8,-3.3592011677241764
445,0.0,2.0,2.0,8,-1.2383907179461444
446,0.0,2.0,2.0,8,-2.3522800342508776
447,0.0,2.0,2.0,8,-1.4809237358773824
448,0.0,2.0,2.0,8,-2.102523942546753
449,0.0,2.0,2.0,8,-0.7917613591323482
450,1.0,0.0,0.0,9,0.25656015941980786
451,1.0,0.0,0.0,9,-0.28250501810129425
452,1.0,0.0,0.0,9,0.9649657684384547
453,1.0,0.0,0.0,9,0.25622177642276045
454,1.0,0.0,0.0,9,-0.41295640078267243
455,1.0,0.0,0.0,9,1.2772743620558458
456,1.0,0.0,0.0,9,-0.4083452424507089
457,1.0,0.0,0.0,9,-0.6371348630610886
458,1.0,0.0,0.0,9,-0.5395746120322971
459,1.0,0.0,0.0,9,-1.465472088098516
460,1.0,0.0,0.0,9,-0.553207169477704
461,1.0,0.0,0.0,9,1.8608776920378558
462,1.0,0.0,0.0,9,-0.9082839352408411
463,1.0,0.0,0.0,9,0.008418903741827322
464,1.0,0.0,0.0,9,-1.1081833495386504
465,1.0,0.0,0.0,9,-0.6113531517758014
466,1.0,0.0,0.0,9,1.5186921589496731
467,1.0,0.0,0.0,9,0.896355735894469
468,1.0,0.0,0.0,9,-0.610250350242069
469,1.0,0.0,0.0,9,0.006220116083705234
470,1.0,0.0,0.0,9,-0.8260039618975794
471,1.0,0.0,0.0,9,-0.7842053522580003
472,1.0,0.0,0.0,9,-0.9148221980385752
473,1.0,0.0,0.0,9,-0.8971397769002416
474,1.0,0.0,0.0,9,0.3259492731181739
475,1.0,0.0,0.0,9,0.5967931667523978
476,1.0,0.0,0.0,9,0.4882424926364187
477,1.0,0.0,0.0,9,-0.16943685686341148
478,1.0,0.0,0.0,9,-1.3580452003570913
479,1.0,0.0,0.0,9,-0.06711047163915182
480,1.0,0.0,0.0,9,-0.9242937418378228
481,1.0,0.0,0.0,9,0.8813011325194829
482,1.0,0.0,0.0,9,0.556442944619554
483,1.0,0.0,0.0,9,0.7468915307081104
484,1.0,0.0,0.0,9,-0.34836831647284794
485,1.0,0.0,0.0,9,-1.811019173528643
486,1.0,0.0,0.0,9,0.9578963935854922
487,1.0,0.0,0.0,9,1.2263213349432938
488,1.0,0.0,0.0,9,-1.483316608445911
489,1.0,0.0,0.0,9,0.1379160442317949
490,1.0,0.0,0.0,9,1.1932525791617592
491,1.0,0.0,0.0,9,-1.0757235496136395
492,1.0,0.0,0.0,9,1.7676827758698883
493,1.0,0.0,0.0,9,-0.3490324565207251
494,1.0,0.0,0.0,9,-1.075390110352028
495,1.0,0.0,0.0,9,1.3716580409297006
496,1.0,0.0,0.0,9,0.2945321365101951
497,1.0,0.0,0.0,9,-0.6531381615693331
498,1.0,0.0,0.0,9,0.8797879528914013
499,1.0,0.0,0.0,9,-1.9557671283697031
500,2.0,0.0,0.0,18,3.8153063768267446
501,2.0,0.0,0.0,18,1.183749939649549
502,2.0,0.0,0.0,18,2.2859842730696602
503,2.0,0.0,0.0,18,1.6013838297445464
504,2.0,0.0,0.0,18,2.436232114758596
505,2.0,0.0,0.0,18,2.887925722820304
506,2.0,0.0,0.0,18,1.1761138950249375
507,2.0,0.0,0.0,18,2.7863629178835216
508,2.0,0.0,0.0,18,1.7059667523108246
509,2.0,0.0,0.0,18,1.3121404901659168
510,2.0,0.0,0.0,18,1.775956392793871
511,2.0,0.0,0.0,18,0.995391394611912
512,2.0,0.0,0.0,18,1.2043324268677402
513,2.0,0.0,0.0,18,2.9491338398560334
514,2.0,0.0,0.0,18,1.8491769576233423
515,2.0,0.0,0.0,18,3.1415330979105374
516,2.0,0.0,0.0,18,2.4317569943284356
517,2.0,0.0,0.0,18,0.9740317036475197
518,2.0,0.0,0.0,18,0.10212857238386697
519,2.0,0.0,0.0,18,1.312758181911363
520,2.0,0.0,0.0,18,2.2641264893763635
521,2.0,0.0,0.0,18,2.008812919913162
522,2.0,0.0,0.0,18,1.1699043793870456
523,2.0,0.0,0.0,18,3.012812300256443
524,2.0,0.0,0.0,18,0.2542764956955099
525,2.0,0.0,0.0,18,0.7413534128140127
526,2.0,0.0,0.0,18,2.1272951023462423
527,2.0,0.0,0.0,18,4.1937631526979935
528,2.0,0.0,0.0,18,2.413934128215995
529,2.0,0.0,0.0,18,0.9947603403526142
530,2.0,0.0,0.0,18,2.59265713999405
531,2.0,0.0,0.0,18,2.683396574255898
532,2.0,0.0,0.0,18,2.9378569275311084
533,2.0,0.0,0.0,18,1.5901354661228164
534,2.0,0.0,0.0,18,1.2002735607235264
535,2.0,0.0,0.0,18,2.118217279350951
536,2.0,0.0,0.0,18,2.4152748790847776
537,2.0,0.0,0.0,18,3.59823524787803
538,2.0,0.0,0.0,18,4.089648874862084
539,2.0,0.0,0.0,18,1.2669300662316036
540,2.0,0.0,0.0,18,1.4770283730010083
541,2.0,0.0,0.0,18,1.936426919409519
542,2.0,0.0,0.0,18,1.7502278934055042
543,2.0,0.0,0.0,18,2.485790177170239
544,2.0,0.0,0.0,18,2.4857372050946593
545,2.0,0.0,0.0,18,2.257896983825282
546,2.0,0.0,0.0,18,3.3440712910307915
547,2.0,0.0,0.0,18,1.8414890755802915
548,2.0,0.0,0.0,18,0.949192060843653
549,2.0,0.0,0.0,18,0.4393987729226603
550,3.0,0.0,0.0,27,0.9718601253483172
551,3.0,0.0,0.0,27,0.9557420788362099
552,3.0,0.0,0.0,27,0.11657616924995473
553,3.0,0.0,0.0,27,2.6631877698390687
554,3.0,0.0,0.0,27,2.1852678352782835
555,3.0,0.0,0.0,27,1.577207272557192
556,3.0,0.0,0.0,27,1.1101110209525575
557,3.0,0.0,0.0,27,0.41905462368742574
558,3.0,0.0,0.0,27,1.0802804032269453
559,3.0,0.0,0.0,27,3.847909056618507
560,3.0,0.0,0.0,27,-0.21079163957856473
561,3.0,0.0,0.0,27,2.1418105173834956
562,3.0,0.0,0.0,27,2.7436369707501895
563,3.0,0.0,0.0,27,2.1361322297175995
564,3.0,0.0,0.0,27,1.6831950791862695
565,3.0,0.0,0.0,27,2.7680739433491226
566,3.0,0.0,0.0,27,0.8966717401198461
567,3.0,0.0,0.0,27,2.5555449953690026
568,3.0,0.0,0.0,27,3.43069737170893
569,3.0,0.0,0.0,27,0.9586256134988496
570,3.0,0.0,0.0,27,1.1801665935720975
571,3.0,0.0,0.0,27,2.1359403752325967
572,3.0,0.0,0.0,27,2.989572795811556
573,3.0,0.0,0.0,27,3.339148296752619
574,3.0,0.0,0.0,27,2.680626953517904
575,3.0,0.0,0.0,27,1.3304972261287888
576,3.0,0.0,0.0,27,0.8855872879323177
577,3.0,0.0,0.0,27,2.242978576040631
578,3.0,0.0,0.0,27,2.3982576269167133
579,3.0,0.0,0.0,27,0.899447688805407
580,3.0,0.0,0.0,27,2.0597904853736435
581,3.0,0.0,0.0,27,2.3322374653550932
582,3.0,0.0,0.0,27,3.045063993232284
583,3.0,0.0,0.0,27,1.0094372963940939
584,3.0,0.0,0.0,27,2.556964528258709
585,3.0,0.0,0.0,27,0.8307242028119646
586,3.0,0.0,0.0,27,1.5734140205824676
587,3.0,0.0,0.0,27,1.9217232514433276
588,3.0,0.0,0.0,27,3.5179162578977623
589,3.0,0.0,0.0,27,5.3143042392180275
590,3.0,0.0,0.0,27,2.253545675304295
591,3.0,0.0,0.0,27,2.495291496329237
592,3.0,0.0,0.0,27,3.007541614710232
593,3.0,0.0,0.0,27,0.6383437768546454
594,3.0,0.0,0.0,27,2.765663401730774
595,3.0,0.0,0.0,27,0.7582601396311031
596,3.0,0.0,0.0,27,3.629111973303493
597,3.0,0.0,0.0,27,3.4434917649318786
598,3.0,0.0,0.0,27,2.5015396832734575
599,3.0,0.0,0.0,27,1.1933014858145206
600,1.0,0.0,1.0,10,1.6680252708825845
601,1.0,0.0,1.0,10,0.25968837470163386
602,1.0,0.0,1.0,10,0.11024354242385256
603,1.0,0.0,1.0,10,0.5795433466949741
604,1.0,0.0,1.0,10,-1.7123465710858863
605,1.0,0.0,1.0,10,0.428499422515909
606,1.0,0.0,1.0,10,0.9961081529079141
607,1.0,0.0,1.0,10,0.33900098162524633
608,1.0,0.0,1.0,10,0.1452587454793304
609,1.0,0.0,1.0,10,-0.9536581161274191
610,1.0,0.0,1.0,10,0.6435548290021997
611,1.0,0.0,1.0,10,0.2004689470726399
612,1.0,0.0,1.0,10,0.009063786618308697
613,1.0,0.0,1.0,10,-0.5632049187841904
614,1.0,0.0,1.0,10,0.8561711100483981
615,1.0,0.0,1.0,10,1.247184369690463
616,1.0,0.0,1.0,10,0.38814617419599784
617,1.0,0.0,1.0,10,0.8967490724098993
618,1.0,0.0,1.0,10,1.326023297341772
619,1.0,0.0,1.0,10,1.5881611452455604
620,1.0,0.0,1.0,10,0.22565015045214054
621,1.0,0.0,1.0,10,-0.21332802096531991
622,1.0,0.0,1.0,10,-0.4149458684932988
623,1.0,0.0,1.0,10,0.013747012349088417
624,1.0,0.0,1.0,10,0.5519664082287561
625,1.0,0.0,1.0,10,0.938181935126898
626,1.0,0.0,1.0,10,-0.4267420209948732
627,1.0,0.0,1.0,10,0.1498575565610912
628,1.0,0.0,1.0,10,-0.9965800171083447
629,1.0,0.0,1.0,10,1.2639640071060474
630,1.0,0.0,1.0,10,-0.39146105277790033
631,1.0,0.0,1.0,10,0.3579211279714816
632,1.0,0.0,1.0,10,-0.7193700625293167
633,1.0,0.0,1.0,10,-0.29827604066822644
634,1.0,0.0,1.0,10,-0.6859961041262886
635,1.0,0.0,1.0,10,1.7049665576239188
636,1.0,0.0,1.0,10,0.35936374191407966
637,1.0,0.0,1.0,10,-0.1664446650492013
638,1.0,0.0,1.0,10,-0.9476423158194931
639,1.0,0.0,1.0,10,-0.6102997148963751
640,1.0,0.0,1.0,10,0.5687050623915977
641,1.0,0.0,1.0,10,1.6659250180119085
642,1.0,0.0,1.0,10,-1.4308888304297247
643,1.0,0.0,1.0,10,-0.9170465590013145
644,1.0,0.0,1.0,10,-0.1757881620928976
645,1.0,0.0,1.0,10,-0.6282673512796177
646,1.0,0.0,1.0,10,-1.6591820687283514
647,1.0,0.0,1.0,10,0.019309749665400836
648,1.0,0.0,1.0,10,0.7510425510341932
649,1.0,0.0,1.0,10,-1.5771113595786737
650,1.0,0.0,2.0,11,2.2109597766745956
651,1.0,0.0,2.0,11,2.964672908553372
652,1.0,0.0,2.0,11,2.9803273275680486
653,1.0,0.0,2.0,11,1.5801293064820015
654,1.0,0.0,2.0,11,4.30474904593329
655,1.0,0.0,2.0,11,2.5551134047899393
656,1.0,0.0,2.0,11,1.188933781750253
657,1.0,0.0,2.0,11,2.9842989398955675
658,1.0,0.0,2.0,11,0.8774120312810179
659,1.0,0.0,2.0,11,2.8952694534612418
660,1.0,0.0,2.0,11,0.7379456558648536
661,1.0,0.0,2.0,11,2.7905425734340774
662,1.0,0.0,2.0,11,1.4164382323787064
663,1.0,0.0,2.0,11,3.132288062666934
664,1.0,0.0,2.0,11,2.740677414538285
665,1.0,0.0,2.0,11,2.4472079193333407
666,1.0,0.0,2.0,11,2.0586324339623046
667,1.0,0.0,2.0,11,3.0870162570956827
668,1.0,0.0,2.0,11,0.19665808707717747
669,1.0,0.0,2.0,11,2.4325543373183507
670,1.0,0.0,2.0,11,2.4134327013175025
671,1.0,0.0,2.0,11,2.5621498924732613
672,1.0,0.0,2.0,11,2.826228822066053
673,1.0,0.0,2.0,11,5.702458237599861
674,1.0,0.0,2.0,11,2.116782668153482
675,1.0,0.0,2.0,11,2.8044995342208647
676,1.0,0.0,2.0,11,2.1523684968937116
677,1.0,0.0,2.0,11,3.5726680679456164
678,1.0,0.0,2.0,11,-0.020810481868005937
679,1.0,0.0,2.0,11,3.697947529182855
680,1.0,0.0,2.0,11,1.316193583282504
681,1.0,0.0,2.0,11,-0.26224129287874476
682,1.0,0.0,2.0,11,0.9218144226492526
683,1.0,0.0,2.0,11,1.8254806622976563
684,1.0,0.0,2.0,11,2.194245248510299
685,1.0,0.0,2.0,11,1.9541086380305037
686,1.0,0.0,2.0,11,2.816817723934366
687,1.0,0.0,2.0,11,1.964823013655
688,1.0,0.0,2.0,11,1.9368023987612433
689,1.0,0.0,2.0,11,-0.14351552693779235
690,1.0,0.0,2.0,11,2.4873440669733973
691,1.0,0.0,2.0,11,3.0102417011130136
692,1.0,0.0,2.0,11,1.5793271705346754
693,1.0,0.0,2.0,11,0.12291570079133662
694,1.0,0.0,2.0,11,0.6634945094299318
695,1.0,0.0,2.0,11,3.6735616383085725
696,1.0,0.0,2.0,11,1.3937927547414448
697,1.0,0.0,2.0,11,1.3354161164488334
698,1.0,0.0,2.0,11,1.180548907926125
699,1.0,0.0,2.0,11,2.6808841173259013
700,2.0,0.0,1.0,19,0.41215644702165044
701,2.0,0.0,1.0,19,0.13096808408656202
702,2.0,0.0,1.0,19,-0.5063627849179835
703,2.0,0.0,1.0,19,0.8922010185893425
704,2.0,0.0,1.0,19,2.0009476719684494
705,2.0,0.0,1.0,19,0.8520671170096326
706,2.0,0.0,1.0,19,1.8822196822390977
707,2.0,0.0,1.0,19,1.1754263874445399
708,2.0,0.0,1.0,19,1.1478368745461536
709,2.0,0.0,1.0,19,1.178972909330601
710,2.0,0.0,1.0,19,1.0344414150837298
711,2.0,0.0,1.0,19,2.026205018424955
712,2.0,0.0,1.0,19,1.487852902053257
713,2.0,0.0,1.0,19,0.42188932067771134
714,2.0,0.0,1.0,19,1.1286200466914307
715,2.0,0.0,1.0,19,0.9240353653030144
716,2.0,0.0,1.0,19,1.4849319794697229
717,2.0,0.0,1.0,19,1.1803166509149725
718,2.0,0.0,1.0,19,1.4145779384675297
719,2.0,0.0,1.0,19,-0.4773218445680629
720,2.0,0.0,1.0,19,1.3795911637546754
721,2.0,0.0,1.0,19,2.3136120584842708
722,2.0,0.0,1.0,19,-0.35019394435108353
723,2.0,0.0,1.0,19,2.6009325410890836
724,2.0,0.0,1.0,19,1.297072718812255
725,2.0,0.0,1.0,19,0.7922514979296595
726,2.0,0.0,1.0,19,-0.8044881491778182
727,2.0,0.0,1.0,19,2.0875970200957763
728,2.0,0.0,1.0,19,0.03045046199709589
729,2.0,0.0,1.0,19,0.4888092277956655
730,2.0,0.0,1.0,19,1.5459042667490868
731,2.0,0.0,1.0,19,-0.025579866221766334
732,2.0,0.0,1.0,19,0.013166600576659304
733,2.0,0.0,1.0,19,-0.1512803239177518
734,2.0,0.0,1.0,19,0.8886398163597348
735,2.0,0.0,1.0,19,1.5885364206474941
736,2.0,0.0,1.0,19,1.403006062299267
737,2.0,0.0,1.0,19,1.4074028065211635
738,2.0,0.0,1.0,19,0.655819757810482
739,2.0,0.0,1.0,19,1.1404694172135217
740,2.0,0.0,1.0,19,0.3099592513689158
741,2.0,0.0,1.0,19,2.997675313274545
742,2.0,0.0,1.0,19,1.1947271544815996
743,2.0,0.0,1.0,19,-0.954985365688718
744,2.0,0.0,1.0,19,-0.06930779645336616
745,2.0,0.0,1.0,19,2.6013028114741226
746,2.0,0.0,1.0,19,-0.3664872876256482
747,2.0,0.0,1.0,19,0.562305209178988
748,2.0,0.0,1.0,19,1.4036257152333287
749,2.0,0.0,1.0,19,-0.09662368236131358
750,2.0,0.0,2.0,20,-0.9333953028358659
751,2.0,0.0,2.0,20,-0.3209165204638995
752,2.0,0.0,2.0,20,-2.8247391739785233
753,2.0,0.0,2.0,20,-0.8707043441422049
754,2.0,0.0,2.0,20,-2.891223011408295
755,2.0,0.0,2.0,20,-2.9979499093719895
756,2.0,0.0,2.0,20,-1.7543149115153416
757,2.0,0.0,2.0,20,-1.762068656106896
758,2.0,0.0,2.0,20,-2.596035401350443
759,2.0,0.0,2.0,20,-1.1579757575628469
760,2.0,0.0,2.0,20,-3.4691816460634772
761,2.0,0.0,2.0,20,-2.855665940701399
762,2.0,0.0,2.0,20,-3.07786938897505
763,2.0,0.0,2.0,20,-1.2416363320114026
764,2.0,0.0,2.0,20,-1.1960977954723648
765,2.0,0.0,2.0,20,-1.333059554261232
766,2.0,0.0,2.0,20,-3.2956004711033726
767,2.0,0.0,2.0,20,-1.867231867688708
768,2.0,0.0,2.0,20,-1.5423464862916405
769,2.0,0.0,2.0,20,-3.6169799785450096
770,2.0,0.0,2.0,20,-2.82169310304679
771,2.0,0.0,2.0,20,-1.3541376574310249
772,2.0,0.0,2.0,20,-1.2963458399064647
773,2.0,0.0,2.0,20,-1.7447652044464066
774,2.0,0.0,2.0,20,-1.4579243250864664
775,2.0,0.0,2.0,20,-1.675903943626617
776,2.0,0.0,2.0,20,-1.8500812826516495
777,2.0,0.0,2.0,20,-2.109256859395664
778,2.0,0.0,2.0,20,-2.871432229197847
779,2.0,0.0,2.0,20,-2.2455483204712094
780,2.0,0.0,2.0,20,-2.4029149446451705
781,2.0,0.0,2.0,20,0.3177747076285091
782,2.0,0.0,2.0,20,-1.7397592745881296
783,2.0,0.0,2.0,20,-2.010695132341918
784,2.0,0.0,2.0,20,-2.231977499586091
785,2.0,0.0,2.0,20,-2.115205070402791
786,2.0,0.0,2.0,20,-2.2722669122131673
787,2.0,0.0,2.0,20,-1.4552949914717792
788,2.0,0.0,2.0,20,-2.029444825230456
789,2.0,0.0,2.0,20,-1.1889202994072567
790,2.0,0.0,2.0,20,-2.6951760934699993
791,2.0,0.0,2.0,20,-1.6497654116887108
792,2.0,0.0,2.0,20,-1.122843795929763
793,2.0,0.0,2.0,20,-3.1542589860639243
794,2.0,0.0,2.0,20,-1.832230001385932
795,2.0,0.0,2.0,20,-1.7529325517778998
796,2.0,0.0,2.0,20,-2.3347472716639506
797,2.0,0.0,2.0,20,-2.4871609764399816
798,2.0,0.0,2.0,20,-3.854910106940195
799,2.0,0.0,2.0,20,-0.8511787373653281
800,3.0,0.0,1.0,28,0.06707621336815828
801,3.0,0.0,1.0,28,-0.2403705375841938
802,3.0,0.0,1.0,28,1.657913471771646
803,3.0,0.0,1.0,28,-0.8322746893531534
804,3.0,0.0,1.0,28,1.963271125212871
805,3.0,0.0,1.0,28,1.4342191251325904
806,3.0,0.0,1.0,28,1.5980896167979042
807,3.0,0.0,1.0,28,0.8359991624520936
808,3.0,0.0,1.0,28,-0.2173465737317284
809,3.0,0.0,1.0,28,-0.8887629793281906
810,3.0,0.0,1.0,28,2.456812023286477
811,3.0,0.0,1.0,28,0.5280590531386198
812,3.0,0.0,1.0,28,0.4833188497463484
813,3.0,0.0,1.0,28,2.582162756034234
814,3.0,0.0,1.0,28,0.36859752583735095
815,3.0,0.0,1.0,28,0.7620403150141959
816,3.0,0.0,1.0,28,0.7630015607422622
817,3.0,0.0,1.0,28,0.8625402554537153
818,3.0,0.0,1.0,28,-0.039441865147001876
819,3.0,0.0,1.0,28,0.4397862938921956
820,3.0,0.0,1.0,28,2.285489046272116
821,3.0,0.0,1.0,28,1.7610931341187879
822,3.0,0.0,1.0,28,-1.9771253122848158
823,3.0,0.0,1.0,28,-0.958531639344522
824,3.0,0.0,1.0,28,1.3336367732620036
825,3.0,0.0,1.0,28,0.8870457117819008
826,3.0,0.0,1.0,28,0.6254735637762594
827,3.0,0.0,1.0,28,2.0427393007297336
828,3.0,0.0,1.0,28,-0.7842593256435038
829,3.0,0.0,1.0,28,2.1995920475309862
830,3.0,0.0,1.0,28,1.131590923632675
831,3.0,0.0,1.0,28,1.5484060672478983
832,3.0,0.0,1.0,28,1.253369898989373
833,3.0,0.0,1.0,28,1.8461406864278271
834,3.0,0.0,1.0,28,0.7496682078361958
835,3.0,0.0,1.0,28,0.4577419681507655
836,3.0,0.0,1.0,28,1.7815713344283228
837,3.0,0.0,1.0,28,1.1751027856901923
838,3.0,0.0,1.0,28,-0.25428848869204357
839,3.0,0.0,1.0,28,2.349614174786345
840,3.0,0.0,1.0,28,2.2107645029325322
841,3.0,0.0,1.0,28,2.441437879226883
842,3.0,0.0,1.0,28,1.0796969911739969
843,3.0,0.0,1.0,28,1.350532740908748
844,3.0,0.0,1.0,28,0.6184576185366568
845,3.0,0.0,1.0,28,0.02717068800395872
846,3.0,0.0,1.0,28,1.0654720572100724
847,3.0,0.0,1.0,28,1.176508500322624
848,3.0,0.0,1.0,28,0.33723858345278845
849,3.0,0.0,1.0,28,2.8296948093176715
850,3.0,0.0,2.0,29,-3.61591475983674
851,3.0,0.0,2.0,29,-2.815344703974609
852,3.0,0.0,2.0,29,-2.671371213435413
853,3.0,0.0,2.0,29,-0.7087946048300655
854,3.0,0.0,2.0,29,-2.256590484473268
855,3.0,0.0,2.0,29,-2.3249382848687876
856,3.0,0.0,2.0,29,-2.885491279600161
857,3.0,0.0,2.0,29,-2.764495309883653
858,3.0,0.0,2.0,29,-3.30461987087118
859,3.0,0.0,2.0,29,-0.9844627877483056
860,3.0,0.0,2.0,29,-1.3911094396099588
861,3.0,0.0,2.0,29,-1.0099660082803912
862,3.0,0.0,2.0,29,-2.66235984126837
863,3.0,0.0,2.0,29,0.5119168779244236
864,3.0,0.0,2.0,29,-2.9813120968490128
865,3.0,0.0,2.0,29,-4.053813672157461
866,3.0,0.0,2.0,29,-2.2921098549134142
867,3.0,0.0,2.0,29,-1.862880626505604
868,3.0,0.0,2.0,29,-1.2436593601763648
869,3.0,0.0,2.0,29,-3.0174306948733225
870,3.0,0.0,2.0,29,-1.409144775555621
871,3.0,0.0,2.0,29,-0.2921476063518067
872,3.0,0.0,2.0,29,-2.8519247679993565
873,3.0,0.0,2.0,29,-2.740166395338355
874,3.0,0.0,2.0,29,-3.702860379190617
875,3.0,0.0,2.0,29,-1.7590590053970425
876,3.0,0.0,2.0,29,-1.142586232486396
877,3.0,0.0,2.0,29,-1.2330593428549657
878,3.0,0.0,2.0,29,-1.166376834547547
879,3.0,0.0,2.0,29,-0.5838530582227479
880,3.0,0.0,2.0,29,-1.8725575245437964
881,3.0,0.0,2.0,29,-1.0472280247028656
882,3.0,0.0,2.0,29,-2.9516172141754167
883,3.0,0.0,2.0,29,-2.790906528606255
884,3.0,0.0,2.0,29,-1.7591338186712462
885,3.0,0.0,2.0,29,-2.818021698536729
886,3.0,0.0,2.0,29,-1.4282967868397027
887,3.0,0.0,2.0,29,-0.6249486027682551
888,3.0,0.0,2.0,29,-1.5964637347625759
889,3.0,0.0,2.0,29,-2.7374315500095436
890,3.0,0.0,2.0,29,-2.748475855264621
891,3.0,0.0,2.0,29,-0.6346334910529912
892,3.0,0.0,2.0,29,-2.7981358191963213
893,3.0,0.0,2.0,29,-1.9106826870509113
894,3.0,0.0,2.0,29,-2.2588948556717106
895,3.0,0.0,2.0,29,-1.9469785831738622
896,3.0,0.0,2.0,29,-0.9036306102448133
897,3.0,0.0,2.0,29,-2.5387931105152015
898,3.0,0.0,2.0,29,-3.4103928527752307
899,3.0,0.0,2.0,29,-0.5482638486109221
900,1.0,1.0,0.0,12,0.22301415337862945
901,1.0,1.0,0.0,12,0.7257291321564842
902,1.0,1.0,0.0,12,-0.019378083637550263
903,1.0,1.0,0.0,12,0.7776230651763194
904,1.0,1.0,0.0,12,1.2647375649546961
905,1.0,1.0,0.0,12,1.3663263200267939
906,1.0,1.0,0.0,12,-0.2734540747797262
907,1.0,1.0,0.0,12,-0.35215232219852866
908,1.0,1.0,0.0,12,0.39486823543270544
909,1.0,1.0,0.0,12,0.20717153988742182
910,1.0,1.0,0.0,12,0.5657962798060927
911,1.0,1.0,0.0,12,-0.7109387114470598
912,1.0,1.0,0.0,12,-2.3246988306765872
913,1.0,1.0,0.0,12,0.45001987007766
914,1.0,1.0,0.0,12,0.7812456213413251
915,1.0,1.0,0.0,12,0.6430152045929345
916,1.0,1.0,0.0,12,1.6594429087327234
917,1.0,1.0,0.0,12,0.8522288419304654
918,1.0,1.0,0.0,12,-0.38833337190945494
919,1.0,1.0,0.0,12,0.9854259060315961
920,1.0,1.0,0.0,12,-0.08493475320236527
921,1.0,1.0,0.0,12,1.2552849950743126
922,1.0,1.0,0.0,12,0.2379877909604804
923,1.0,1.0,0.0,12,0.4535106356575281
924,1.0,1.0,0.0,12,0.22772375229445893
925,1.0,1.0,0.0,12,0.05450503647865658
926,1.0,1.0,0.0,12,-1.4965727041438166
927,1.0,1.0,0.0,12,0.05773997327401139
928,1.0,1.0,0.0,12,-2.2725482709661224
929,1.0,1.0,0.0,12,0.4978030007563939
930,1.0,1.0,0.0,12,0.991918916410455
931,1.0,1.0,0.0,12,2.0511032822612756
932,1.0,1.0,0.0,12,0.37407640497189554
933,1.0,1.0,0.0,12,-0.7164964811383462
934,1.0,1.0,0.0,12,-1.5895765892001688
935,1.0,1.0,0.0,12,1.9477701562170489
936,1.0,1.0,0.0,12,-1.4262702650346117
937,1.0,1.0,0.0,12,0.8955234034311358
938,1.0,1.0,0.0,12,-2.30626949867357
939,1.0,1.0,0.0,12,-0.051489369203308655
940,1.0,1.0,0.0,12,0.6832235112340393
941,1.0,1.0,0.0,12,0.3252358003726802
942,1.0,1.0,0.0,12,-0.041540441278550194
943,1.0,1.0,0.0,12,-0.8247089042952033
944,1.0,1.0,0.0,12,-0.9066661681423391
945,1.0,1.0,0.0,12,1.008628570441687
946,1.0,1.0,0.0,12,0.43572993771277857
947,1.0,1.0,0.0,12,-0.16058842832325187
948,1.0,1.0,0.0,12,0.206826838606891
949,1.0,1.0,0.0,12,-0.9267023730461658
950,1.0,2.0,0.0,15,1.022290866200026
951,1.0,2.0,0.0,15,1.2609743694283635
952,1.0,2.0,0.0,15,-0.7798507553974141
953,1.0,2.0,0.0,15,0.10202088707622801
954,1.0,2.0,0.0,15,1.0482473020839917
955,1.0,2.0,0.0,15,-0.641828530822587
956,1.0,2.0,0.0,15,2.0345767796225465
957,1.0,2.0,0.0,15,1.5106289573653546
958,1.0,2.0,0.0,15,-0.27887594755070216
959,1.0,2.0,0.0,15,0.9787721177955712
960,1.0,2.0,0.0,15,1.6621964848130377
961,1.0,2.0,0.0,15,-1.244090455626539
962,1.0,2.0,0.0,15,0.6192242094630341
963,1.0,2.0,0.0,15,-0.14435018659491483
964,1.0,2.0,0.0,15,-0.2165364483085301
965,1.0,2.0,0.0,15,0.7103065870256086
966,1.0,2.0,0.0,15,-0.47707722748234904
967,1.0,2.0,0.0,15,-1.3997524051691785
968,1.0,2.0,0.0,15,-1.4221623633790548
969,1.0,2.0,0.0,15,-0.01973533608400797
970,1.0,2.0,0.0,15,0.6289013224052489
971,1.0,2.0,0.0,15,-0.02387657022079535
972,1.0,2.0,0.0,15,-0.15259541513645458
973,1.0,2.0,0.0,15,-0.030796421058043633
974,1.0,2.0,0.0,15,1.2893129586094243
975,1.0,2.0,0.0,15,0.530453331150064
976,1.0,2.0,0.0,15,-0.7459110471387337
977,1.0,2.0,0.0,15,-0.2887846562248378
978,1.0,2.0,0.0,15,1.2046890542828572
979,1.0,2.0,0.0,15,-0.5803021621745857
980,1.0,2.0,0.0,15,-0.3947358751188212
981,1.0,2.0,0.0,15,-0.025064266426338223
982,1.0,2.0,0.0,15,-1.0649108661859463
983,1.0,2.0,0.0,15,0.9023680496446272
984,1.0,2.0,0.0,15,-2.1894738723466824
985,1.0,2.0,0.0,15,1.4513721063317926
986,1.0,2.0,0.0,15,-0.435158362649036
987,1.0,2.0,0.0,15,-1.2565816166885246
988,1.0,2.0,0.0,15,0.2822634808958494
989,1.0,2.0,0.0,15,-1.7112236027941374
990,1.0,2.0,0.0,15,0.5373503415026679
991,1.0,2.0,0.0,15,0.7736239988164135
992,1.0,2.0,0.0,15,-0.5759103457560267
993,1.0,2.0,0.0,15,-0.3888954427034968
994,1.0,2.0,0.0,15,0.9487447947499796
995,1.0,2.0,0.0,15,-0.6707447222513998
996,1.0,2.0,0.0,15,0.022502327083611447
997,1.0,2.0,0.0,15,0.3476165214272576
998,1.0,2.0,0.0,15,1.5599598441591056
999,1.0,2.0,0.0,15,-0.5030752195310859
1000,2.0,1.0,0.0,21,-1.9653187365068834
1001,2.0,1.0,0.0,21,-0.8679925905950352
1002,2.0,1.0,0.0,21,-4.556726532228097
1003,2.0,1.0,0.0,21,-2.2689573102662726
1004,2.0,1.0,0.0,21,-3.9096203268902254
1005,2.0,1.0,0.0,21,-3.840074046703421
1006,2.0,1.0,0.0,21,-0.043029879177536534
1007,2.0,1.0,0.0,21,-1.788720192496173
1008,2.0,1.0,0.0,21,-0.5165130000231775
1009,2.0,1.0,0.0,21,-2.241410074417026
1010,2.0,1.0,0.0,21,-1.4595472676048207
1011,2.0,1.0,0.0,21,-2.431666770637482
1012,2.0,1.0,0.0,21,-2.546951446789701
1013,2.0,1.0,0.0,21,-2.0746385761237818
1014,2.0,1.0,0.0,21,-1.8716677277164366
1015,2.0,1.0,0.0,21,-0.46673056233847166
1016,2.0,1.0,0.0,21,-2.196828006072913
1017,2.0,1.0,0.0,21,-1.6201607741432167
1018,2.0,1.0,0.0,21,-2.2569233713518075
1019,2.0,1.0,0.0,21,-1.8551318990252084
1020,2.0,1.0,0.0,21,-3.311176705074926
1021,2.0,1.0,0.0,21,-0.9085777361122975
1022,2.0,1.0,0.0,21,-2.5208761370430883
1023,2.0,1.0,0.0,21,-1.9584665223283735
1024,2.0,1.0,0.0,21,-2.2141504974158575
1025,2.0,1.0,0.0,21,-1.0153521224148165
1026,2.0,1.0,0.0,21,-1.4783356591362322
1027,2.0,1.0,0.0,21,-1.987006797222021
1028,2.0,1.0,0.0,21,-1.8249993808907075
1029,2.0,1.0,0.0,21,-1.6565605551396119
1030,2.0,1.0,0.0,21,-1.2434553756057087
1031,2.0,1.0,0.0,21,-1.4930403897836004
1032,2.0,1.0,0.0,21,-0.7147929579483108
1033,2.0,1.0,0.0,21,-0.38157548748538583
1034,2.0,1.0,0.0,21,-1.385584648615144
1035,2.0,1.0,0.0,21,-3.322608977643868
1036,2.0,1.0,0.0,21,-0.2521587953381432
1037,2.0,1.0,0.0,21,0.1499095666975272
1038,2.0,1.0,0.0,21,-2.3641003130641347
1039,2.0,1.0,0.0,21,-2.4139992554357246
1040,2.0,1.0,0.0,21,-4.058895494764476
1041,2.0,1.0,0.0,21,-1.2207570128053344
1042,2.0,1.0,0.0,21,-3.00785881726518
1043,2.0,1.0,0.0,21,-0.17052773818946387
1044,2.0,1.0,0.0,21,-4.477287883989766
1045,2.0,1.0,0.0,21,-1.9276030551396202
1046,2.0,1.0,0.0,21,-1.3255176712942678
1047,2.0,1.0,0.0,21,-2.402287250922616
1048,2.0,1.0,0.0,21,-2.7954611139177734
1049,2.0,1.0,0.0,21,-1.7507664844397988
1050,2.0,2.0,0.0,24,-2.527590172192885
1051,2.0,2.0,0.0,24,-2.343264862586874
1052,2.0,2.0,0.0,24,-2.0393798341625753
1053,2.0,2.0,0.0,24,-2.557314780572885
1054,2.0,2.0,0.0,24,-2.228009508467279
1055,2.0,2.0,0.0,24,-1.2131465113573032
1056,2.0,2.0,0.0,24,-2.3910361419542006
1057,2.0,2.0,0.0,24,-1.8340652904082884
1058,2.0,2.0,0.0,24,-2.7557781390110363
1059,2.0,2.0,0.0,24,-1.0867320170841337
1060,2.0,2.0,0.0,24,-3.2870083918597066
1061,2.0,2.0,0.0,24,-1.0435597033344068
1062,2.0,2.0,0.0,24,-5.0270480042355885
1063,2.0,2.0,0.0,24,-2.911175535186028
1064,2.0,2.0,0.0,24,-3.589814483753099
1065,2.0,2.0,0.0,24,-0.9862468974507879
1066,2.0,2.0,0.0,24,-1.7314757866230286
1067,2.0,2.0,0.0,24,-3.312150474321184
1068,2.0,2.0,0.0,24,-2.574731913850572
1069,2.0,2.0,0.0,24,-0.6632548410397117
1070,2.0,2.0,0.0,24,-2.067431526958016
1071,2.0,2.0,0.0,24,-1.4491259719118734
1072,2.0,2.0,0.0,24,-3.5209741787516142
1073,2.0,2.0,0.0,24,-3.5193026268666343
1074,2.0,2.0,0.0,24,-1.444668833883011
1075,2.0,2.0,0.0,24,0.28854296718674943
1076,2.0,2.0,0.0,24,-2.558949882852662
1077,2.0,2.0,0.0,24,-1.4296160435656924
1078,2.0,2.0,0.0,24,-2.9667757919296966
1079,2.0,2.0,0.0,24,-0.7718842865858573
1080,2.0,2.0,0.0,24,-2.4788469542291285
1081,2.0,2.0,0.0,24,-2.4603913290885258
1082,2.0,2.0,0.0,24,-3.918288531992217
1083,2.0,2.0,0.0,24,-2.442443371481349
1084,2.0,2.0,0.0,24,-1.8420808769477872
1085,2.0,2.0,0.0,24,-0.6508936283102333
1086,2.0,2.0,0.0,24,-3.2044503066795262
1087,2.0,2.0,0.0,24,-1.0495942900801922
1088,2.0,2.0,0.0,24,-2.3747067003800657
1089,2.0,2.0,0.0,24,-2.3207341973514435
1090,2.0,2.0,0.0,24,-2.9820649525000835
1091,2.0,2.0,0.0,24,-3.736960197440596
1092,2.0,2.0,0.0,24,-3.2508771564913284
1093,2.0,2.0,0.0,24,-0.41325410845990884
1094,2.0,2.0,0.0,24,-3.231933201297189
1095,2.0,2.0,0.0,24,-2.4780326096982184
1096,2.0,2.0,0.0,24,-0.9385600675747097
1097,2.0,2.0,0.0,24,-4.159637923784261
1098,2.0,2.0,0.0,24,-1.604014504382033
1099,2.0,2.0,0.0,24,-2.562004493088626
1100,3.0,1.0,0.0,30,-1.8653603493241182
1101,3.0,1.0,0.0,30,-1.1871328681023976
1102,3.0,1.0,0.0,30,-2.2055137389443793
1103,3.0,1.0,0.0,30,-2.250335279678108
1104,3.0,1.0,0.0,30,-1.3273946871355946
1105,3.0,1.0,0.0,30,-1.415545453198469
1106,3.0,1.0,0.0,30,-2.772926377244006
1107,3.0,1.0,0.0,30,-2.2411402871016883
1108,3.0,1.0,0.0,30,-3.39738664441421
1109,3.0,1.0,0.0,30,-0.7616668701511828
1110,3.0,1.0,0.0,30,-3.2641168539343983
1111,3.0,1.0,0.0,30,-1.8667581877703443
1112,3.0,1.0,0.0,30,-0.30691131145607
1113,3.0,1.0,0.0,30,-1.246168324880092
1114,3.0,1.0,0.0,30,-2.3413218447514232
1115,3.0,1.0,0.0,30,-2.777690075871854
1116,3.0,1.0,0.0,30,-2.6748078923827405
1117,3.0,1.0,0.0,30,-1.1271193577449758
1118,3.0,1.0,0.0,30,-1.7034468789210844
1119,3.0,1.0,0.0,30,-2.0462362157688916
1120,3.0,1.0,0.0,30,0.5668685436973564
1121,3.0,1.0,0.0,30,-2.871714411478945
1122,3.0,1.0,0.0,30,-2.525561215353851
1123,3.0,1.0,0.0,30,-2.410014245268715
1124,3.0,1.0,0.0,30,-1.8166878739326369
1125,3.0,1.0,0.0,30,-1.7237088287404496
1126,3.0,1.0,0.0,30,-2.3051636564575855
1127,3.0,1.0,0.0,30,-1.2953889634461087
1128,3.0,1.0,0.0,30,-1.4927143401643275
1129,3.0,1.0,0.0,30,-2.335806239457291
1130,3.0,1.0,0.0,30,-4.488990678077186
1131,3.0,1.0,0.0,30,-1.2471528867412307
1132,3.0,1.0,0.0,30,-2.992430543906676
1133,3.0,1.0,0.0,30,-2.699626067650695
1134,3.0,1.0,0.0,30,-2.194844256178725
1135,3.0,1.0,0.0,30,-3.2921023470666873
1136,3.0,1.0,0.0,30,-2.866960140493457
1137,3.0,1.0,0.0,30,-1.9994923390424792
1138,3.0,1.0,0.0,30,-2.4178643583912245
1139,3.0,1.0,0.0,30,-1.7612224227827995
1140,3.0,1.0,0.0,30,-2.9406481372398154
1141,3.0,1.0,0.0,30,-2.3179434292691665
1142,3.0,1.0,0.0,30,-3.148786612476889
1143,3.0,1.0,0.0,30,-2.3745620406830206
1144,3.0,1.0,0.0,30,-1.8025289091789425
1145,3.0,1.0,0.0,30,-2.3357604458813452
1146,3.0,1.0,0.0,30,-3.522735811957671
1147,3.0,1.0,0.0,30,-2.2799576983106755
1148,3.0,1.0,0.0,30,-1.941810074003309
1149,3.0,1.0,0.0,30,-0.9567105693021112
1150,3.0,2.0,0.0,33,-2.1290986262603
1151,3.0,2.0,0.0,33,-2.49805018603204
1152,3.0,2.0,0.0,33,-3.2571566892274486
1153,3.0,2.0,0.0,33,-0.09507049485466412
1154,3.0,2.0,0.0,33,-3.0347729903068776
1155,3.0,2.0,0.0,33,-3.2130464648514563
1156,3.0,2.0,0.0,33,-2.235373397750636
1157,3.0,2.0,0.0,33,-3.9067463903077213
1158,3.0,2.0,0.0,33,-1.0100132457589734
1159,3.0,2.0,0.0,33,-1.900079681192424
1160,3.0,2.0,0.0,33,-1.5926307719650112
1161,3.0,2.0,0.0,33,-3.059746826450273
1162,3.0,2.0,0.0,33,-2.588053484785079
1163,3.0,2.0,0.0,33,-1.2210803275432138
1164,3.0,2.0,0.0,33,-1.1728867371777691
1165,3.0,2.0,0.0,33,0.7602054471376105
1166,3.0,2.0,0.0,33,-0.9747326239882472
1167,3.0,2.0,0.0,33,-3.963829529195686
1168,3.0,2.0,0.0,33,-1.9820696918987089
1169,3.0,2.0,0.0,33,-2.4309526745920103
1170,3.0,2.0,0.0,33,-0.972214370918213
1171,3.0,2.0,0.0,33,-2.154561208483288
1172,3.0,2.0,0.0,33,-1.5742215371065822
1173,3.0,2.0,0.0,33,-2.381291871056146
1174,3.0,2.0,0.0,33,-1.4515437840360088
1175,3.0,2.0,0.0,33,-0.597682144663876
1176,3.0,2.0,0.0,33,-2.671449924202781
1177,3.0,2.0,0.0,33,-4.095284959948134
1178,3.0,2.0,0.0,33,-3.0912679372862235
1179,3.0,2.0,0.0,33,-0.49449537729712345
1180,3.0,2.0,0.0,33,-1.8340394870325496
1181,3.0,2.0,0.0,33,-2.3507902840965915
1182,3.0,2.0,0.0,33,-3.018342443901054
1183,3.0,2.0,0.0,33,-1.004950542996723
1184,3.0,2.0,0.0,33,-1.7661214602230646
1185,3.0,2.0,0.0,33,-2.166479978353861
1186,3.0,2.0,0.0,33,-2.594951910062353
1187,3.0,2.0,0.0,33,-2.2087779449886686
1188,3.0,2.0,0.0,33,-2.3730024862297805
1189,3.0,2.0,0.0,33,-1.4806191979280117
1190,3.0,2.0,0.0,33,-0.7791084920284579
1191,3.0,2.0,0.0,33,-4.011594557699389
1192,3.0,2.0,0.0,33,-3.504712336264671
1193,3.0,2.0,0.0,33,-2.1499361812733486
1194,3.0,2.0,0.0,33,-1.972729757049409
1195,3.0,2.0,0.0,33,-3.604371626082872
1196,3.0,2.0,0.0,33,-2.674308941632703
1197,3.0,2.0,0.0,33,-2.4556143609600363
1198,3.0,2.0,0.0,33,-2.4973635377823395
1199,3.0,2.0,0.0,33,-2.518032039172957
1200,1.0,1.0,1.0,13,-0.1402829452884231
1201,1.0,1.0,1.0,13,0.8300346768171067
1202,1.0,1.0,1.0,13,0.6862349996264259
1203,1.0,1.0,1.0,13,0.5387311200747825
1204,1.0,1.0,1.0,13,0.22127115755015372
1205,1.0,1.0,1.0,13,-0.7703846643752412
1206,1.0,1.0,1.0,13,-0.537663705876562
1207,1.0,1.0,1.0,13,0.6388416355134955
1208,1.0,1.0,1.0,13,0.060558505662368194
1209,1.0,1.0,1.0,13,0.7456570318573341
1210,1.0,1.0,1.0,13,0.21174927944645386
1211,1.0,1.0,1.0,13,0.00753668540923603
1212,1.0,1.0,1.0,13,0.38789741540733125
1213,1.0,1.0,1.0,13,-1.593210967955171
1214,1.0,1.0,1.0,13,-0.2126428546245952
1215,1.0,1.0,1.0,13,-0.6414637540322301
1216,1.0,1.0,1.0,13,0.7919233758122878
1217,1.0,1.0,1.0,13,-0.7252244387853625
1218,1.0,1.0,1.0,13,0.17852721478470235
1219,1.0,1.0,1.0,13,-0.48561109195805996
1220,1.0,1.0,1.0,13,0.4178631149745609
1221,1.0,1.0,1.0,13,0.6601183750973989
1222,1.0,1.0,1.0,13,-0.26862556885147854
1223,1.0,1.0,1.0,13,0.04397373756246216
1224,1.0,1.0,1.0,13,0.11434968248918526
1225,1.0,1.0,1.0,13,0.7119254346765275
1226,1.0,1.0,1.0,13,-0.39124643978331847
1227,1.0,1.0,1.0,13,-0.025086789288371658
1228,1.0,1.0,1.0,13,-0.49281913105515934
1229,1.0,1.0,1.0,13,-1.028146556399895
1230,1.0,1.0,1.0,13,0.10661776077354669
1231,1.0,1.0,1.0,13,0.35582379352265997
1232,1.0,1.0,1.0,13,-0.8808601390477094
1233,1.0,1.0,1.0,13,1.503398600356182
1234,1.0,1.0,1.0,13,-0.8209678309355319
1235,1.0,1.0,1.0,13,0.6729819094723452
1236,1.0,1.0,1.0,13,0.3010310057225776
1237,1.0,1.0,1.0,13,-1.7801305773930234
1238,1.0,1.0,1.0,13,-0.10134839078986073
1239,1.0,1.0,1.0,13,-1.650389473297853
1240,1.0,1.0,1.0,13,-0.18346873538763608
1241,1.0,1.0,1.0,13,0.5989484252840277
1242,1.0,1.0,1.0,13,1.7708540685290826
1243,1.0,1.0,1.0,13,0.7078324020243186
1244,1.0,1.0,1.0,13,-1.604868069004527
1245,1.0,1.0,1.0,13,-0.4294207249483339
1246,1.0,1.0,1.0,13,1.4245788907924217
1247,1.0,1.0,1.0,13,0.10273963254916008
1248,1.0,1.0,1.0,13,1.6898172509380316
1249,1.0,1.0,1.0,13,-0.804509074008685
1250,1.0,1.0,2.0,14,1.3628784162552532
1251,1.0,1.0,2.0,14,0.5690582986705144
1252,1.0,1.0,2.0,14,1.5359112375383566
1253,1.0,1.0,2.0,14,3.177994669731138
1254,1.0,1.0,2.0,14,0.9899859777282787
1255,1.0,1.0,2.0,14,2.7552366552090035
1256,1.0,1.0,2.0,14,2.378728220909857
1257,1.0,1.0,2.0,14,2.7087292244274668
1258,1.0,1.0,2.0,14,1.6599244517596432
1259,1.0,1.0,2.0,14,1.942384578697067
1260,1.0,1.0,2.0,14,4.058812602885674
1261,1.0,1.0,2.0,14,0.6694530733679513
1262,1.0,1.0,2.0,14,2.679722743792198
1263,1.0,1.0,2.0,14,3.441718879297572
1264,1.0,1.0,2.0,14,2.380126107668581
1265,1.0,1.0,2.0,14,3.5762679484567057
1266,1.0,1.0,2.0,14,-1.0513130596790443
1267,1.0,1.0,2.0,14,1.6111462484910835
1268,1.0,1.0,2.0,14,0.7438077538331807
1269,1.0,1.0,2.0,14,1.4956623886569167
1270,1.0,1.0,2.0,14,1.8037890830507524
1271,1.0,1.0,2.0,14,2.3933563557734967
1272,1.0,1.0,2.0,14,1.0535350637586893
1273,1.0,1.0,2.0,14,2.783921821504455
1274,1.0,1.0,2.0,14,0.3315486583966063
1275,1.0,1.0,2.0,14,2.869563488152264
1276,1.0,1.0,2.0,14,1.6532929865192008
1277,1.0,1.0,2.0,14,0.1266628737174047
1278,1.0,1.0,2.0,14,0.12205558593464683
1279,1.0,1.0,2.0,14,0.10119078846476137
1280,1.0,1.0,2.0,14,0.8983657588473524
1281,1.0,1.0,2.0,14,2.0093567220713022
1282,1.0,1.0,2.0,14,3.212248675630657
1283,1.0,1.0,2.0,14,2.676566355173236
1284,1.0,1.0,2.0,14,0.5534309909162878
1285,1.0,1.0,2.0,14,-0.41758905975518656
1286,1.0,1.0,2.0,14,1.581378713861581
1287,1.0,1.0,2.0,14,0.45347674757230316
1288,1.0,1.0,2.0,14,1.702288213905466
1289,1.0,1.0,2.0,14,1.1894630801302193
1290,1.0,1.0,2.0,14,4.4483244406749085
1291,1.0,1.0,2.0,14,0.1486130602176523
1292,1.0,1.0,2.0,14,2.186561207296423
1293,1.0,1.0,2.0,14,3.7286635479876367
1294,1.0,1.0,2.0,14,1.457390049980717
1295,1.0,1.0,2.0,14,1.0832913525127588
1296,1.0,1.0,2.0,14,3.547656216889507
1297,1.0,1.0,2.0,14,-0.2599276742934413
1298,1.0,1.0,2.0,14,0.14367569049928042
1299,1.0,1.0,2.0,14,0.6300684324325394
1300,1.0,2.0,1.0,16,0.25954302958381553
1301,1.0,2.0,1.0,16,0.6353132485930081
1302,1.0,2.0,1.0,16,-0.2671932455094023
1303,1.0,2.0,1.0,16,2.0503454867457815
1304,1.0,2.0,1.0,16,-0.3428125444572617
1305,1.0,2.0,1.0,16,-0.13744056592312542
1306,1.0,2.0,1.0,16,-0.44083533307524686
1307,1.0,2.0,1.0,16,1.1039201638310538
1308,1.0,2.0,1.0,16,-0.1148781253379219
1309,1.0,2.0,1.0,16,-0.5188742524769029
1310,1.0,2.0,1.0,16,1.5744855841685348
1311,1.0,2.0,1.0,16,1.1826056970263505
1312,1.0,2.0,1.0,16,0.9007966105029258
1313,1.0,2.0,1.0,16,-1.3814906127668967
1314,1.0,2.0,1.0,16,-1.1824887028464552
1315,1.0,2.0,1.0,16,-0.34416629550489103
1316,1.0,2.0,1.0,16,-0.3592006438510001
1317,1.0,2.0,1.0,16,-0.5277563035198444
1318,1.0,2.0,1.0,16,-0.3169422067296583
1319,1.0,2.0,1.0,16,0.5630230099397037
1320,1.0,2.0,1.0,16,-1.1057189775541871
1321,1.0,2.0,1.0,16,0.16347532396813125
1322,1.0,2.0,1.0,16,-0.48101212153797596
1323,1.0,2.0,1.0,16,-0.5651045450432175
1324,1.0,2.0,1.0,16,-0.36188936636347385
1325,1.0,2.0,1.0,16,0.6698241829783934
1326,1.0,2.0,1.0,16,0.21061134841812365
1327,1.0,2.0,1.0,16,-0.8579448916064452
1328,1.0,2.0,1.0,16,0.2686945825341321
1329,1.0,2.0,1.0,16,0.07637920184672763
1330,1.0,2.0,1.0,16,0.3609236243449291
1331,1.0,2.0,1.0,16,-0.31638873541155105
1332,1.0,2.0,1.0,16,0.9570240315601669
1333,1.0,2.0,1.0,16,0.34204317937869305
1334,1.0,2.0,1.0,16,-1.188857106078279
1335,1.0,2.0,1.0,16,-1.3259709277041025
1336,1.0,2.0,1.0,16,-1.449186769208846
1337,1.0,2.0,1.0,16,0.37088981764512535
1338,1.0,2.0,1.0,16,-0.7234068444165794
1339,1.0,2.0,1.0,16,-0.3774316291917807
1340,1.0,2.0,1.0,16,-0.09390570472460145
1341,1.0,2.0,1.0,16,1.2136432678173017
1342,1.0,2.0,1.0,16,2.177734251583515
1343,1.0,2.0,1.0,16,-0.12863235677802878
1344,1.0,2.0,1.0,16,1.9895260328679034
1345,1.0,2.0,1.0,16,0.5402596907894025
1346,1.0,2.0,1.0,16,1.2015827573565654
1347,1.0,2.0,1.0,16,-0.28919110419011307
1348,1.0,2.0,1.0,16,-1.2546765313375001
1349,1.0,2.0,1.0,16,0.47950134869460215
1350,1.0,2.0,2.0,17,3.2916358744035508
1351,1.0,2.0,2.0,17,0.4255197545550904
1352,1.0,2.0,2.0,17,1.933662261075512
1353,1.0,2.0,2.0,17,2.2148189991869804
1354,1.0,2.0,2.0,17,2.594821118996105
1355,1.0,2.0,2.0,17,0.9038491706073732
1356,1.0,2.0,2.0,17,1.4341469810122256
1357,1.0,2.0,2.0,17,2.9289559706718395
1358,1.0,2.0,2.0,17,3.8099561633950443
1359,1.0,2.0,2.0,17,2.0989712785978982
1360,1.0,2.0,2.0,17,2.9794779312352406
1361,1.0,2.0,2.0,17,2.167604692359253
1362,1.0,2.0,2.0,17,2.430380708896929
1363,1.0,2.0,2.0,17,1.6080163107324341
1364,1.0,2.0,2.0,17,1.7667688694670332
1365,1.0,2.0,2.0,17,1.4193285728794476
1366,1.0,2.0,2.0,17,2.096217565533321
1367,1.0,2.0,2.0,17,3.104657375940774
1368,1.0,2.0,2.0,17,2.1873528382108485
1369,1.0,2.0,2.0,17,2.6547838420056182
1370,1.0,2.0,2.0,17,1.3531832924498293
1371,1.0,2.0,2.0,17,2.716010724619602
1372,1.0,2.0,2.0,17,-1.173982300937372
1373,1.0,2.0,2.0,17,0.5648233500235293
1374,1.0,2.0,2.0,17,1.656645577979225
1375,1.0,2.0,2.0,17,0.16342432627713666
1376,1.0,2.0,2.0,17,2.561970659977228
1377,1.0,2.0,2.0,17,2.2013917980995172
1378,1.0,2.0,2.0,17,1.0726291866230402
1379,1.0,2.0,2.0,17,2.0877803933214674
1380,1.0,2.0,2.0,17,0.4731366691271579
1381,1.0,2.0,2.0,17,1.0817915433458156
1382,1.0,2.0,2.0,17,1.604890330764524
1383,1.0,2.0,2.0,17,0.37732517739469507
1384,1.0,2.0,2.0,17,3.0431074865162255
1385,1.0,2.0,2.0,17,1.33039928233833
1386,1.0,2.0,2.0,17,3.020129443550013
1387,1.0,2.0,2.0,17,1.8456167550541838
1388,1.0,2.0,2.0,17,2.305836281920828
1389,1.0,2.0,2.0,17,1.0773204861925392
1390,1.0,2.0,2.0,17,1.6853291306457043
1391,1.0,2.0,2.0,17,1.5704795510163572
1392,1.0,2.0,2.0,17,2.2301179216145655
1393,1.0,2.0,2.0,17,3.3751210859315997
1394,1.0,2.0,2.0,17,1.4302194154422931
1395,1.0,2.0,2.0,17,1.831191720869981
1396,1.0,2.0,2.0,17,2.356745349843481
1397,1.0,2.0,2.0,17,2.859297682586489
1398,1.0,2.0,2.0,17,1.8846273086219547
1399,1.0,2.0,2.0,17,1.6119570529786436
1400,2.0,1.0,1.0,22,3.4109086977373337
1401,2.0,1.0,1.0,22,4.004766667675892
1402,2.0,1.0,1.0,22,4.240254708770594
1403,2.0,1.0,1.0,22,3.3112002025593394
1404,2.0,1.0,1.0,22,3.6900205042446697
1405,2.0,1.0,1.0,22,4.7594370804507715
1406,2.0,1.0,1.0,22,3.973042625362204
1407,2.0,1.0,1.0,22,3.423736545776074
1408,2.0,1.0,1.0,22,4.708536917660251
1409,2.0,1.0,1.0,22,4.713030278725033
1410,2.0,1.0,1.0,22,4.612517873333542
1411,2.0,1.0,1.0,22,4.6676573387747355
1412,2.0,1.0,1.0,22,3.602842495057262
1413,2.0,1.0,1.0,22,4.20420500387853
1414,2.0,1.0,1.0,22,4.31498374082026
1415,2.0,1.0,1.0,22,4.121979781498163
1416,2.0,1.0,1.0,22,2.241099546188673
1417,2.0,1.0,1.0,22,3.9812166974830685
1418,2.0,1.0,1.0,22,4.351916020719819
1419,2.0,1.0,1.0,22,4.495434851010873
1420,2.0,1.0,1.0,22,3.7017090114634206
1421,2.0,1.0,1.0,22,4.032607942777355
1422,2.0,1.0,1.0,22,2.191173014454557
1423,2.0,1.0,1.0,22,2.50334468059351
1424,2.0,1.0,1.0,22,1.02900047898131
1425,2.0,1.0,1.0,22,3.7709040673471295
1426,2.0,1.0,1.0,22,5.626302101745869
1427,2.0,1.0,1.0,22,5.752625381724473
1428,2.0,1.0,1.0,22,2.871389917077132
1429,2.0,1.0,1.0,22,4.6519955646769935
1430,2.0,1.0,1.0,22,5.260920721806457
1431,2.0,1.0,1.0,22,3.696119971426234
1432,2.0,1.0,1.0,22,2.032941996011651
1433,2.0,1.0,1.0,22,5.425159111325143
1434,2.0,1.0,1.0,22,3.6426042877745366
1435,2.0,1.0,1.0,22,3.608239090798078
1436,2.0,1.0,1.0,22,5.714495933606013
1437,2.0,1.0,1.0,22,4.4726499561928055
1438,2.0,1.0,1.0,22,4.848132861240136
1439,2.0,1.0,1.0,22,5.60842798640847
1440,2.0,1.0,1.0,22,3.857227567350348
1441,2.0,1.0,1.0,22,3.0306678186404437
1442,2.0,1.0,1.0,22,4.799358766910941
1443,2.0,1.0,1.0,22,4.014892651411999
1444,2.0,1.0,1.0,22,4.76188228753357
1445,2.0,1.0,1.0,22,4.423142370933502
1446,2.0,1.0,1.0,22,3.262195380036947
1447,2.0,1.0,1.0,22,4.055375283906418
1448,2.0,1.0,1.0,22,3.6947758405671887
1449,2.0,1.0,1.0,22,3.79695346562261
1450,2.0,1.0,2.0,23,-2.007044315409698
1451,2.0,1.0,2.0,23,-1.6134476661435186
1452,2.0,1.0,2.0,23,-1.754766136051461
1453,2.0,1.0,2.0,23,-3.2373475674585444
1454,2.0,1.0,2.0,23,-1.3277273583550042
1455,2.0,1.0,2.0,23,-3.3963247545070248
1456,2.0,1.0,2.0,23,0.26082997561562626
1457,2.0,1.0,2.0,23,-2.722013659138107
1458,2.0,1.0,2.0,23,-2.016912017290846
1459,2.0,1.0,2.0,23,-0.6156083655617302
1460,2.0,1.0,2.0,23,-2.1555465432627146
1461,2.0,1.0,2.0,23,-3.2261544934991186
1462,2.0,1.0,2.0,23,-3.3876351590872043
1463,2.0,1.0,2.0,23,-1.6726986011443021
1464,2.0,1.0,2.0,23,-1.5425883104939524
1465,2.0,1.0,2.0,23,-1.1248847874713603
1466,2.0,1.0,2.0,23,-1.6825074402063755
1467,2.0,1.0,2.0,23,-2.4368338846491513
1468,2.0,1.0,2.0,23,-1.481757191668684
1469,2.0,1.0,2.0,23,-0.5124998943439647
1470,2.0,1.0,2.0,23,-2.7566388118214937
1471,2.0,1.0,2.0,23,1.6252874861465019
1472,2.0,1.0,2.0,23,-2.373020780341683
1473,2.0,1.0,2.0,23,-0.700520814324421
1474,2.0,1.0,2.0,23,-0.06515641080057732
1475,2.0,1.0,2.0,23,-1.0408530179648463
1476,2.0,1.0,2.0,23,-1.6514899996828694
1477,2.0,1.0,2.0,23,-1.230790807713445
1478,2.0,1.0,2.0,23,-0.6178232611801595
1479,2.0,1.0,2.0,23,-4.600177370471142
1480,2.0,1.0,2.0,23,-1.4958806255230273
1481,2.0,1.0,2.0,23,-2.3629841135163074
1482,2.0,1.0,2.0,23,-2.6527694320539386
1483,2.0,1.0,2.0,23,-1.841302711472075
1484,2.0,1.0,2.0,23,-1.7808894540969256
1485,2.0,1.0,2.0,23,-1.4667213056387272
1486,2.0,1.0,2.0,23,-2.5497589841331134
1487,2.0,1.0,2.0,23,-0.8359883248968789
1488,2.0,1.0,2.0,23,-4.063250846051439
1489,2.0,1.0,2.0,23,-2.9421938197122977
1490,2.0,1.0,2.0,23,-3.1953403146648633
1491,2.0,1.0,2.0,23,-1.8750858549960405
1492,2.0,1.0,2.0,23,-2.4844983535057326
1493,2.0,1.0,2.0,23,-1.4557609930906508
1494,2.0,1.0,2.0,23,-2.7756475074999822
1495,2.0,1.0,2.0,23,-0.7022051174219401
1496,2.0,1.0,2.0,23,-1.2493921534527834
1497,2.0,1.0,2.0,23,-2.509559691016576
1498,2.0,1.0,2.0,23,-3.6919902665816604
1499,2.0,1.0,2.0,23,-3.190095661642781
1500,2.0,2.0,1.0,25,2.4480182302738727
1501,2.0,2.0,1.0,25,5.242464648079606
1502,2.0,2.0,1.0,25,4.7575264271795925
1503,2.0,2.0,1.0,25,2.7285116782103698
1504,2.0,2.0,1.0,25,5.8880322547025665
1505,2.0,2.0,1.0,25,3.7036775377802282
1506,2.0,2.0,1.0,25,1.7415384665368636
1507,2.0,2.0,1.0,25,5.089552287018512
1508,2.0,2.0,1.0,25,5.30638703171152
1509,2.0,2.0,1.0,25,4.007071738232983
1510,2.0,2.0,1.0,25,3.1016009842977783
1511,2.0,2.0,1.0,25,5.237639447842792
1512,2.0,2.0,1.0,25,3.4946601715453514
1513,2.0,2.0,1.0,25,3.9829300605803177
1514,2.0,2.0,1.0,25,4.471554414859069
1515,2.0,2.0,1.0,25,4.306947791086929
1516,2.0,2.0,1.0,25,3.540443736862001
1517,2.0,2.0,1.0,25,2.9567025023184765
1518,2.0,2.0,1.0,25,4.755305878809526
1519,2.0,2.0,1.0,25,1.7867611532247634
1520,2.0,2.0,1.0,25,4.332624562326755
1521,2.0,2.0,1.0,25,4.2717191343208185
1522,2.0,2.0,1.0,25,4.528929792303445
1523,2.0,2.0,1.0,25,3.63312878492824
1524,2.0,2.0,1.0,25,4.222694097393987
1525,2.0,2.0,1.0,25,4.797330527196493
1526,2.0,2.0,1.0,25,2.9564829188196886
1527,2.0,2.0,1.0,25,4.056645932078963
1528,2.0,2.0,1.0,25,4.383893657492908
1529,2.0,2.0,1.0,25,2.740991500771216
1530,2.0,2.0,1.0,25,3.054482997481323
1531,2.0,2.0,1.0,25,5.586747404017836
1532,2.0,2.0,1.0,25,5.042845710583112
1533,2.0,2.0,1.0,25,3.258186952966098
1534,2.0,2.0,1.0,25,4.726672708927004
1535,2.0,2.0,1.0,25,4.412992527078707
1536,2.0,2.0,1.0,25,5.4109775570477
1537,2.0,2.0,1.0,25,5.147861027330777
1538,2.0,2.0,1.0,25,1.5713926675682233
1539,2.0,2.0,1.0,25,3.7045387389959736
1540,2.0,2.0,1.0,25,5.383897360442647
1541,2.0,2.0,1.0,25,5.64294864436191
1542,2.0,2.0,1.0,25,3.38668808765016
1543,2.0,2.0,1.0,25,2.7704262827604946
1544,2.0,2.0,1.0,25,4.261514849954661
1545,2.0,2.0,1.0,25,3.3612883160152975
1546,2.0,2.0,1.0,25,3.988326642462029
1547,2.0,2.0,1.0,25,2.8328582992914852
1548,2.0,2.0,1.0,25,4.77160132672504
1549,2.0,2.0,1.0,25,4.576377847068888
1550,2.0,2.0,2.0,26,-1.5352817308594822
1551,2.0,2.0,2.0,26,-3.095621514399296
1552,2.0,2.0,2.0,26,-3.6861220354611746
1553,2.0,2.0,2.0,26,-3.2758408831643697
1554,2.0,2.0,2.0,26,-1.4989931197158977
1555,2.0,2.0,2.0,26,-3.7975984330103816
1556,2.0,2.0,2.0,26,-1.337502187303338
1557,2.0,2.0,2.0,26,-0.22081178538006552
1558,2.0,2.0,2.0,26,-2.625448028766778
1559,2.0,2.0,2.0,26,-2.182676392297509
1560,2.0,2.0,2.0,26,-1.0105049333481553
1561,2.0,2.0,2.0,26,-1.0799627458913208
1562,2.0,2.0,2.0,26,-2.6140685855306693
1563,2.0,2.0,2.0,26,-2.1704271272651683
1564,2.0,2.0,2.0,26,-1.8726502963507752
1565,2.0,2.0,2.0,26,-2.2600472142372117
1566,2.0,2.0,2.0,26,-1.414655128479596
1567,2.0,2.0,2.0,26,-1.662578196194562
1568,2.0,2.0,2.0,26,-0.6845663985837263
1569,2.0,2.0,2.0,26,-3.7011123078507415
1570,2.0,2.0,2.0,26,-0.8064559750622635
1571,2.0,2.0,2.0,26,-1.1736463887197073
1572,2.0,2.0,2.0,26,-2.124040234162005
1573,2.0,2.0,2.0,26,-1.5734660624972594
1574,2.0,2.0,2.0,26,-1.013051711836309
1575,2.0,2.0,2.0,26,-1.6889368707732606
1576,2.0,2.0,2.0,26,-2.23798739271368
1577,2.0,2.0,2.0,26,-1.707551201298676
1578,2.0,2.0,2.0,26,-2.6865140270835197
1579,2.0,2.0,2.0,26,-3.3014070038290297
1580,2.0,2.0,2.0,26,-2.8652266072804666
1581,2.0,2.0,2.0,26,-2.7610637095177015
1582,2.0,2.0,2.0,26,-1.7990562025675803
1583,2.0,2.0,2.0,26,-1.194555445255403
1584,2.0,2.0,2.0,26,-1.7435333051887991
1585,2.0,2.0,2.0,26,-0.5311002730395291
1586,2.0,2.0,2.0,26,-2.076081930851533
1587,2.0,2.0,2.0,26,-2.6305472839171333
1588,2.0,2.0,2.0,26,-2.713218266524019
1589,2.0,2.0,2.0,26,-2.887111065644719
1590,2.0,2.0,2.0,26,-2.2901459226661727
1591,2.0,2.0,2.0,26,-0.6093941922293942
1592,2.0,2.0,2.0,26,-3.455962073950074
1593,2.0,2.0,2.0,26,-1.4304223229879103
1594,2.0,2.0,2.0,26,-1.9938911224410232
1595,2.0,2.0,2.0,26,-1.1401291601768038
1596,2.0,2.0,2.0,26,-2.444910824894282
1597,2.0,2.0,2.0,26,-1.2466570187596038
1598,2.0,2.0,2.0,26,-2.4678309897497983
1599,2.0,2.0,2.0,26,-1.3364650372983795
1600,3.0,1.0,1.0,31,2.0775162460218803
1601,3.0,1.0,1.0,31,4.528894454996084
1602,3.0,1.0,1.0,31,4.782405571721796
1603,3.0,1.0,1.0,31,2.446583648263507
1604,3.0,1.0,1.0,31,4.8909920536793425
1605,3.0,1.0,1.0,31,2.908354018384774
1606,3.0,1.0,1.0,31,5.034709464053957
1607,3.0,1.0,1.0,31,4.044266672660581
1608,3.0,1.0,1.0,31,4.737449908437238
1609,3.0,1.0,1.0,31,4.425493190406624
1610,3.0,1.0,1.0,31,2.856413176708227
1611,3.0,1.0,1.0,31,5.604850242537482
1612,3.0,1.0,1.0,31,5.275382712346439
1613,3.0,1.0,1.0,31,3.03903046212112
1614,3.0,1.0,1.0,31,4.627936546052112
1615,3.0,1.0,1.0,31,4.525936394747326
1616,3.0,1.0,1.0,31,3.3872298237732767
1617,3.0,1.0,1.0,31,3.026416880021858
1618,3.0,1.0,1.0,31,5.351030563152159
1619,3.0,1.0,1.0,31,3.6723691766690036
1620,3.0,1.0,1.0,31,4.978321926766802
1621,3.0,1.0,1.0,31,5.976412583287276
1622,3.0,1.0,1.0,31,4.559973799447052
1623,3.0,1.0,1.0,31,3.1890310238878286
1624,3.0,1.0,1.0,31,5.060375406489925
1625,3.0,1.0,1.0,31,2.702708157251824
1626,3.0,1.0,1.0,31,3.1692123578614217
1627,3.0,1.0,1.0,31,7.0067994526549136
1628,3.0,1.0,1.0,31,3.282380132403555
1629,3.0,1.0,1.0,31,4.428515249017704
1630,3.0,1.0,1.0,31,3.0197374450263688
1631,3.0,1.0,1.0,31,3.9567362440467178
1632,3.0,1.0,1.0,31,4.279476386151424
1633,3.0,1.0,1.0,31,1.429021629515808
1634,3.0,1.0,1.0,31,3.4213580287650083
1635,3.0,1.0,1.0,31,4.739408001114819
1636,3.0,1.0,1.0,31,4.944188217765629
1637,3.0,1.0,1.0,31,4.413222061280644
1638,3.0,1.0,1.0,31,3.127693545425582
1639,3.0,1.0,1.0,31,4.469167034530308
1640,3.0,1.0,1.0,31,3.580868264304341
1641,3.0,1.0,1.0,31,3.299880157590118
1642,3.0,1.0,1.0,31,4.070589016606085
1643,3.0,1.0,1.0,31,6.348598356056345
1644,3.0,1.0,1.0,31,3.1675446078357723
1645,3.0,1.0,1.0,31,5.109991466681309
1646,3.0,1.0,1.0,31,4.3229094598920605
1647,3.0,1.0,1.0,31,2.583344020150341
1648,3.0,1.0,1.0,31,3.1552953012324694
1649,3.0,1.0,1.0,31,3.896792952200359
1650,3.0,1.0,2.0,32,-2.4065175065138593
1651,3.0,1.0,2.0,32,-1.6724058920711586
1652,3.0,1.0,2.0,32,-2.9266548198246016
1653,3.0,1.0,2.0,32,-2.950180986839025
1654,3.0,1.0,2.0,32,-0.9304245371744757
1655,3.0,1.0,2.0,32,-1.9680787046724382
1656,3.0,1.0,2.0,32,-2.7874890045401775
1657,3.0,1.0,2.0,32,-1.9370758857675427
1658,3.0,1.0,2.0,32,-0.10140418436953702
1659,3.0,1.0,2.0,32,-2.5197697870966
1660,3.0,1.0,2.0,32,-3.427730385199918
1661,3.0,1.0,2.0,32,-1.0030254113507284
1662,3.0,1.0,2.0,32,0.024895035668785148
1663,3.0,1.0,2.0,32,-0.6810943576652244
1664,3.0,1.0,2.0,32,-3.2577411463994266
1665,3.0,1.0,2.0,32,-4.006254306621679
1666,3.0,1.0,2.0,32,-0.6845519215132945
1667,3.0,1.0,2.0,32,-2.1288244106177183
1668,3.0,1.0,2.0,32,-1.4462057296958517
1669,3.0,1.0,2.0,32,-2.1397146492081687
1670,3.0,1.0,2.0,32,-0.2749052525952196
1671,3.0,1.0,2.0,32,-1.8842328728199997
1672,3.0,1.0,2.0,32,-2.2752993804348507
1673,3.0,1.0,2.0,32,-1.819560643260895
1674,3.0,1.0,2.0,32,-3.162926523579892
1675,3.0,1.0,2.0,32,-1.8007647644666758
1676,3.0,1.0,2.0,32,-2.0564531219876483
1677,3.0,1.0,2.0,32,-4.086141937900676
1678,3.0,1.0,2.0,32,-3.114861062656302
1679,3.0,1.0,2.0,32,-3.230579399528029
1680,3.0,1.0,2.0,32,-3.548233480850884
1681,3.0,1.0,2.0,32,-1.6225007302491237
1682,3.0,1.0,2.0,32,-0.8535382480137901
1683,3.0,1.0,2.0,32,-1.6612959991419092
1684,3.0,1.0,2.0,32,-3.469554946834156
1685,3.0,1.0,2.0,32,-3.7705177551420834
1686,3.0,1.0,2.0,32,-1.2087183270810242
1687,3.0,1.0,2.0,32,-2.30162007752786
1688,3.0,1.0,2.0,32,-2.095146166260398
1689,3.0,1.0,2.0,32,-3.2945547242614546
1690,3.0,1.0,2.0,32,-4.028261261632649
1691,3.0,1.0,2.0,32,0.21478049599746551
1692,3.0,1.0,2.0,32,-2.6099837618219435
1693,3.0,1.0,2.0,32,-2.1977325331657633
1694,3.0,1.0,2.0,32,-3.1516168644524303
1695,3.0,1.0,2.0,32,-0.47872888572421757
1696,3.0,1.0,2.0,32,-2.3648800925458797
1697,3.0,1.0,2.0,32,-2.173156965901743
1698,3.0,1.0,2.0,32,-1.9696321196572706
1699,3.0,1.0,2.0,32,-2.029008543950865
1700,3.0,2.0,1.0,34,5.399872430814866
1701,3.0,2.0,1.0,34,2.1601906126906005
1702,3.0,2.0,1.0,34,4.60762081585096
1703,3.0,2.0,1.0,34,3.356749147904014
1704,3.0,2.0,1.0,34,3.56784437760352
1705,3.0,2.0,1.0,34,3.357315789578756
1706,3.0,2.0,1.0,34,4.399596962187869
1707,3.0,2.0,1.0,34,2.689185726582961
1708,3.0,2.0,1.0,34,3.4316145517698367
1709,3.0,2.0,1.0,34,4.53102441667971
1710,3.0,2.0,1.0,34,3.3967886429453458
1711,3.0,2.0,1.0,34,3.4910469386357823
1712,3.0,2.0,1.0,34,4.343753410836825
1713,3.0,2.0,1.0,34,4.055323226931608
1714,3.0,2.0,1.0,34,3.6311789488041866
1715,3.0,2.0,1.0,34,4.019355076617451
1716,3.0,2.0,1.0,34,3.0793009110144665
1717,3.0,2.0,1.0,34,4.820218517418672
1718,3.0,2.0,1.0,34,2.870545630720039
1719,3.0,2.0,1.0,34,2.35699787597023
1720,3.0,2.0,1.0,34,4.385828002324416
1721,3.0,2.0,1.0,34,2.6437717680606916
1722,3.0,2.0,1.0,34,3.001260208249722
1723,3.0,2.0,1.0,34,3.7394965388416
1724,3.0,2.0,1.0,34,4.660925232127186
1725,3.0,2.0,1.0,34,3.4741883524794708
1726,3.0,2.0,1.0,34,3.507948772721543
1727,3.0,2.0,1.0,34,3.5218292877501525
1728,3.0,2.0,1.0,34,4.32353043924997
1729,3.0,2.0,1.0,34,3.435726024187976
1730,3.0,2.0,1.0,34,4.183336924609942
1731,3.0,2.0,1.0,34,5.29996766589845
1732,3.0,2.0,1.0,34,3.7161472835466407
1733,3.0,2.0,1.0,34,3.5676896588147806
1734,3.0,2.0,1.0,34,3.0069872294666204
1735,3.0,2.0,1.0,34,3.178728833502379
1736,3.0,2.0,1.0,34,2.695308340331639
1737,3.0,2.0,1.0,34,2.835952756363199
1738,3.0,2.0,1.0,34,3.3529689348574854
1739,3.0,2.0,1.0,34,4.267875201762657
1740,3.0,2.0,1.0,34,4.415843039549617
1741,3.0,2.0,1.0,34,3.5000318977728244
1742,3.0,2.0,1.0,34,4.250332436773109
1743,3.0,2.0,1.0,34,2.631907745479908
1744,3.0,2.0,1.0,34,5.994729436700776
1745,3.0,2.0,1.0,34,6.399079134172614
1746,3.0,2.0,1.0,34,3.8107052262314816
1747,3.0,2.0,1.0,34,4.433429418798841
1748,3.0,2.0,1.0,34,4.027896998677123
1749,3.0,2.0,1.0,34,4.706707618767732
1750,3.0,2.0,2.0,35,-2.701019875114614
1751,3.0,2.0,2.0,35,-3.587494925546343
1752,3.0,2.0,2.0,35,-1.2638553767334972
1753,3.0,2.0,2.0,35,-3.1595849268619576
1754,3.0,2.0,2.0,35,-1.7192934841207852
1755,3.0,2.0,2.0,35,-2.9907688632107576
1756,3.0,2.0,2.0,35,-2.839657292167051
1757,3.0,2.0,2.0,35,-1.08790580156449
1758,3.0,2.0,2.0,35,-0.459902214680171
1759,3.0,2.0,2.0,35,-2.2237915847770457
1760,3.0,2.0,2.0,35,-2.490721409144823
1761,3.0,2.0,2.0,35,-1.7707966325684645
1762,3.0,2.0,2.0,35,-2.614701218091421
1763,3.0,2.0,2.0,35,-3.797983749799508
1764,3.0,2.0,2.0,35,-2.0899886456243957
1765,3.0,2.0,2.0,35,-4.303899014863645
1766,3.0,2.0,2.0,35,-1.6411624392342703
1767,3.0,2.0,2.0,35,-2.5730933405920777
1768,3.0,2.0,2.0,35,-1.8802759095307593
1769,3.0,2.0,2.0,35,-3.539122485650047
1770,3.0,2.0,2.0,35,-2.8191570297484536
1771,3.0,2.0,2.0,35,-1.5040150470930298
1772,3.0,2.0,2.0,35,-0.7094209713191297
1773,3.0,2.0,2.0,35,-1.233918583919711
1774,3.0,2.0,2.0,35,-1.686747788287565
1775,3.0,2.0,2.0,35,-3.182285862387496
1776,3.0,2.0,2.0,35,-1.5014938902512964
1777,3.0,2.0,2.0,35,-1.939299366715311
1778,3.0,2.0,2.0,35,-2.3878630033438095
1779,3.0,2.0,2.0,35,-0.7716052670492979
1780,3.0,2.0,2.0,35,-2.839547103973275
1781,3.0,2.0,2.0,35,-0.31548185020563424
1782,3.0,2.0,2.0,35,-2.7178299441224043
1783,3.0,2.0,2.0,35,-2.747146281261468
1784,3.0,2.0,2.0,35,-2.1701181945633836
1785,3.0,2.0,2.0,35,-3.3900538258966897
1786,3.0,2.0,2.0,35,-2.540832443816889
1787,3.0,2.0,2.0,35,-1.9936769794011056
1788,3.0,2.0,2.0,35,-3.7670161517837135
1789,3.0,2.0,2.0,35,-2.9018193758040796
1790,3.0,2.0,2.0,35,-3.4623587008375525
1791,3.0,2.0,2.0,35,-2.5124164727932508
1792,3.0,2.0,2.0,35,-0.9357177087636226
1793,3.0,2.0,2.0,35,-2.508129336543579
1794,3.0,2.0,2.0,35,-2.262242326654598
1795,3.0,2.0,2.0,35,-1.8498599678031336
1796,3.0,2.0,2.0,35,-3.1840557104630376
1797,3.0,2.0,2.0,35,-1.8480521958746345
1798,3.0,2.0,2.0,35,-2.593938993614731
1799,3.0,2.0,2.0,35,-2.7209162035736707
