"","X","Age","Sex","Job","Housing","Savings","Checkings","Credit","Duration","Purpose"
"2",1,22,"0",2,"1","1","2",0.949341762181859,48,"radio/TV"
"4",3,45,"1",2,"2","1","1",1.63342961197231,42,"furniture/equipment"
"5",4,53,"1",2,"2","1","1",0.566380102097198,24,"car"
"8",7,35,"1",3,"3","1","2",1.30254506940148,36,"car"
"10",9,28,"1",3,"1","1","2",0.695332964512385,30,"car"
"11",10,25,"0",2,"3","1","2",-0.700121225194812,12,"car"
"12",11,24,"0",2,"3","1","1",0.367282550785839,48,"business"
"13",12,22,"0",2,"1","1","2",-0.603760844488959,12,"radio/TV"
"14",13,60,"1",1,"1","1","1",-0.73413077132629,24,"car"
"15",14,28,"0",2,"3","1","1",-0.6618604857969,15,"car"
"16",15,32,"0",1,"1","2","1",-0.704726684566783,24,"radio/TV"
"19",18,44,"0",3,"2","1","2",3.29741750967597,24,"car"
"22",21,44,"1",2,"3","4","1",-0.221153450509834,6,"radio/TV"
"23",22,48,"1",1,"3","1","1",-0.364985489357542,10,"car"
"24",23,44,"1",2,"1","2","2",-0.519799777476873,12,"car"
"26",25,36,"1",1,"1","1","1",-0.67213420285745,6,"furniture/equipment"
"28",27,42,"0",2,"3","3","3",-1.01400099469991,12,"radio/TV"
"29",28,34,"1",2,"1","1","2",-0.303343186994238,7,"radio/TV"
"30",29,63,"1",2,"1","1","1",1.26286726558142,60,"business"
"31",30,36,"1",2,"1","3","2",-0.481184771973424,18,"business"
"32",31,27,"1",2,"1","1","1",0.265253912391405,24,"furniture/equipment"
"33",32,30,"1",2,"1","2","2",0.91922914321128,18,"car"
"35",34,33,"0",3,"1","1","3",-0.636707592303828,12,"furniture/equipment"
"36",35,25,"1",1,"1","1","2",0.522451105010706,45,"radio/TV"
"38",37,37,"1",2,"1","1","3",-0.41493701023815,18,"radio/TV"
"39",38,37,"1",2,"1","1","3",-0.724919852582348,10,"domestic appliances"
"40",39,24,"1",2,"1","1","2",-0.996641955528634,9,"radio/TV"
"42",41,26,"1",2,"1","4","2",-0.748655681653275,12,"radio/TV"
"43",42,44,"1",1,"1","1","2",1.03897108688252,18,"repairs"
"44",43,24,"1",2,"3","2","1",1.03294856308841,30,"car"
"45",44,58,"0",1,"2","1","1",1.01736085444481,48,"car"
"48",47,23,"0",0,"3","4","1",-0.679928057179247,6,"car"
"52",51,30,"1",3,"1","1","2",0.954301487659367,27,"car"
"55",54,57,"1",2,"2","1","2",-0.370653747046121,36,"car"
"59",58,23,"0",3,"1","1","3",-0.464179998907685,18,"car"
"60",59,23,"0",1,"3","1","1",1.04782773952093,36,"furniture/equipment"
"61",60,27,"1",2,"1","1","2",-0.666111679063334,9,"business"
"63",62,61,"1",3,"2","1","2",-0.467014127751975,36,"business"
"64",63,25,"1",2,"1","1","2",3.9499756760737,48,"business"
"68",67,22,"1",2,"1","3","2",-0.802149863589246,12,"car"
"73",72,51,"1",3,"2","1","1",-0.746530085020058,8,"vacation/others"
"74",73,41,"0",1,"1","1","2",0.950404560498468,42,"business"
"76",75,66,"1",3,"2","1","1",-0.618285754815944,12,"car"
"77",76,34,"1",2,"1","1","1",0.245769276586913,42,"radio/TV"
"78",77,51,"1",2,"1","1","2",0.531307757649112,11,"radio/TV"
"80",79,22,"1",2,"1","1","2",0.198651884550595,30,"furniture/equipment"
"84",83,58,"0",1,"1","1","1",-0.537158816648148,24,"vacation/others"
"85",84,52,"1",1,"1","1","1",-0.338769797547861,10,"radio/TV"
"87",86,27,"0",2,"1","1","2",-0.700121225194812,18,"furniture/equipment"
"88",87,47,"1",2,"2","2","2",3.30910829115867,36,"education"
"89",88,30,"1",3,"1","2","1",-0.362151360513252,18,"car"
"90",89,28,"1",2,"1","1","1",-0.766368986930087,12,"repairs"
"92",91,54,"1",2,"1","1","1",-0.659734889163682,12,"car"
"95",94,54,"1",2,"1","3","2",-0.691973104767479,12,"car"
"96",95,58,"1",2,"3","1","2",4.48987722091091,54,"business"
"98",97,34,"1",2,"1","2","2",-0.230010103148239,18,"business"
"99",98,36,"1",2,"1","1","2",-0.330975943226064,36,"radio/TV"
"102",101,24,"1",2,"3","1","2",-0.335935668703571,36,"radio/TV"
"104",103,35,"1",2,"3","1","2",-0.479059175340207,9,"furniture/equipment"
"106",105,39,"1",3,"1","1","2",3.07033293602725,24,"vacation/others"
"108",107,32,"1",2,"1","1","2",0.99433355758496,12,"car"
"110",109,35,"1",2,"1","4","2",-0.659380623058146,14,"business"
"111",110,31,"1",2,"1","2","2",-0.645564244942233,6,"business"
"112",111,23,"0",2,"3","1","3",-1.02002351849402,15,"education"
"113",112,28,"1",1,"3","1","2",1.05880998879255,18,"car"
"115",114,35,"1",2,"1","4","1",-0.563728774563365,12,"radio/TV"
"119",118,23,"0",2,"1","4","1",0.357717365936361,33,"furniture/equipment"
"120",119,36,"1",3,"1","4","2",-0.320702226165513,12,"car"
"121",120,25,"0",2,"1","1","1",-0.50881752820525,21,"radio/TV"
"124",123,63,"1",2,"2","1","3",-0.882214003440433,10,"car"
"126",125,30,"1",2,"1","1","1",-0.407497422021889,12,"car"
"127",126,40,"1",1,"1","1","1",-0.910555291883331,12,"radio/TV"
"128",127,30,"1",2,"1","1","2",-0.932519790426577,12,"repairs"
"129",128,34,"1",3,"1","1","2",-0.499960875566844,12,"car"
"130",129,29,"0",2,"1","1","1",0.0806812714070314,12,"car"
"132",131,29,"1",2,"1","1","1",1.28093483696377,36,"education"
"138",137,66,"1",1,"1","4","2",-0.887527995023476,12,"radio/TV"
"140",139,44,"0",1,"3","1","3",-0.492521287350583,12,"radio/TV"
"141",140,27,"1",0,"1","3","3",-0.907721163039041,6,"car"
"142",141,30,"0",3,"1","1","2",0.539810144181981,36,"radio/TV"
"143",142,27,"1",3,"1","1","1",0.0512771846475246,27,"radio/TV"
"144",143,22,"1",2,"1","1","1",-0.286692680034036,18,"furniture/equipment"
"146",145,30,"1",2,"1","2","2",0.104417100477959,48,"business"
"147",146,39,"0",2,"1","1","1",-0.854226981103071,6,"car"
"149",148,28,"1",2,"1","1","1",0.743867420970848,36,"furniture/equipment"
"153",152,24,"1",2,"1","1","3",0.912852353311628,36,"radio/TV"
"154",153,29,"0",2,"3","3","2",1.58950061488582,24,"car"
"155",154,36,"1",3,"3","2","2",1.30927612540667,24,"business"
"156",155,20,"0",2,"3","1","1",-0.704726684566783,12,"furniture/equipment"
"157",156,48,"1",2,"1","2","1",-0.702601087933566,9,"repairs"
"158",157,45,"1",1,"1","1","1",-1.03879962208744,12,"education"
"159",158,38,"1",2,"1","2","2",0.0852867307790024,24,"car"
"164",163,70,"1",3,"2","1","2",1.43008086739452,10,"car"
"167",166,33,"0",2,"1","1","1",-0.758220866502753,18,"furniture/equipment"
"168",167,20,"0",2,"1","3","2",-0.600218183433596,11,"furniture/equipment"
"170",169,31,"1",2,"1","1","2",-0.473390917651627,24,"business"
"171",170,33,"1",2,"3","1","1",-0.82234303160481,15,"car"
"173",172,34,"0",3,"1","1","2",-0.427690590037454,24,"furniture/equipment"
"174",173,33,"1",2,"1","1","2",-0.657963558636001,8,"radio/TV"
"175",174,26,"1",2,"1","1","1",0.0505686524364521,21,"education"
"177",176,42,"1",2,"1","1","1",-0.24595207789737,12,"furniture/equipment"
"178",177,52,"1",2,"1","4","1",-1.03915388819298,6,"radio/TV"
"180",179,65,"1",2,"1","1","1",-0.95660988560304,21,"car"
"182",181,30,"1",3,"1","1","2",0.419359668299664,36,"business"
"185",184,36,"1",2,"1","1","2",-0.845724594570201,18,"car"
"187",186,74,"0",3,"2","1","2",0.658135023431081,9,"car"
"188",187,68,"1",0,"2","1","2",-0.74263315785916,16,"car"
"189",188,20,"1",2,"1","2","1",-0.920120476732809,12,"radio/TV"
"190",189,33,"0",2,"1","1","2",-0.0096565855047064,18,"furniture/equipment"
"192",191,34,"1",1,"2","2","2",0.20290307781703,48,"business"
"193",192,36,"1",2,"1","1","2",0.228055971310102,27,"business"
"195",194,21,"1",2,"3","2","2",-0.0851152659839227,45,"radio/TV"
"196",195,34,"0",3,"1","1","2",-0.62714240745435,9,"education"
"198",197,27,"0",2,"3","2","2",-0.821988765499274,12,"furniture/equipment"
"200",199,40,"1",3,"1","1","2",0.36338562362494,18,"furniture/equipment"
"202",201,27,"1",1,"1","1","1",-0.745113020597913,12,"car"
"204",203,21,"1",2,"3","1","1",-0.839347804670549,12,"education"
"206",205,38,"1",3,"2","1","1",2.60447300724711,30,"car"
"208",207,26,"1",2,"1","1","2",-0.654420897580639,12,"domestic appliances"
"209",208,21,"1",1,"1","1","1",1.16792394929771,24,"business"
"213",212,50,"1",2,"1","1","1",0.716234664739022,27,"business"
"214",213,66,"1",3,"1","1","3",-0.482956102501105,30,"business"
"217",216,31,"1",2,"1","1","1",-0.0592538402797781,18,"business"
"218",217,23,"1",2,"1","1","3",0.227347439099029,36,"radio/TV"
"219",218,24,"1",1,"3","1","1",-0.088657927039285,24,"furniture/equipment"
"221",220,26,"1",1,"1","1","2",-0.937479515904084,12,"radio/TV"
"227",226,27,"1",2,"1","3","2",2.72421495091836,48,"radio/TV"
"228",227,53,"1",3,"2","1","1",1.6274070881782,12,"furniture/equipment"
"230",229,22,"1",2,"2","1","1",-0.0433118655306479,24,"furniture/equipment"
"231",230,26,"1",2,"1","1","3",0.332564472443289,36,"radio/TV"
"234",233,25,"1",1,"1","1","2",-0.852101384469854,18,"radio/TV"
"236",235,30,"1",3,"1","1","1",-0.513068721471685,24,"radio/TV"
"238",237,61,"1",1,"3","2","2",-0.178641517845487,21,"business"
"240",239,39,"1",2,"1","1","1",-0.265436713701862,30,"radio/TV"
"243",242,24,"1",2,"2","1","1",0.472499584130098,48,"car"
"249",248,26,"1",2,"1","1","3",-0.476933578706989,24,"furniture/equipment"
"251",250,39,"0",1,"1","3","1",-0.922954605577099,6,"car"
"252",251,46,"0",1,"1","1","3",-0.36144282830218,12,"furniture/equipment"
"253",252,24,"0",2,"1","1","2",-0.397223704961338,30,"car"
"258",257,29,"1",2,"2","1","1",-0.397577971066875,12,"radio/TV"
"261",260,27,"1",2,"1","1","1",-0.571876894990698,12,"furniture/equipment"
"262",261,55,"0",2,"1","1","1",-0.591007264689654,24,"radio/TV"
"263",262,36,"1",3,"2","1","1",0.719423059688848,18,"car"
"266",265,37,"1",2,"1","1","2",-0.874774415224172,15,"radio/TV"
"269",268,45,"1",3,"1","1","1",2.02170526364002,14,"car"
"274",273,28,"1",2,"1","1","2",-0.0748415489233721,48,"radio/TV"
"275",274,34,"1",1,"1","1","1",3.09158890235942,30,"repairs"
"285",284,37,"1",2,"1","2","2",0.214948125405261,24,"car"
"286",285,35,"0",1,"1","1","1",2.6395453516952,47,"car"
"287",286,26,"1",2,"1","1","1",0.537330281443228,48,"car"
"288",287,31,"1",3,"2","2","2",1.52714978031145,48,"vacation/others"
"289",288,49,"0",2,"1","1","2",-0.772037244618666,12,"radio/TV"
"290",289,48,"1",2,"1","1","1",-0.79612733979513,24,"radio/TV"
"292",291,28,"1",3,"3","1","2",2.17049702796523,36,"car"
"293",292,44,"0",3,"2","1","1",1.11513829957281,24,"car"
"294",293,56,"1",2,"2","1","3",0.540164410287517,42,"car"
"296",295,26,"0",2,"1","1","2",2.36959457927659,48,"furniture/equipment"
"300",299,32,"1",2,"1","3","2",-0.186435372167284,21,"furniture/equipment"
"302",301,42,"0",2,"1","1","2",0.188732433595581,36,"radio/TV"
"304",303,49,"1",2,"1","1","1",-0.791167614317623,10,"car"
"308",307,33,"1",1,"1","2","1",-0.901344373139389,12,"radio/TV"
"309",308,24,"0",2,"1","1","2",-0.720668659315913,8,"furniture/equipment"
"310",309,22,"1",1,"3","1","2",-1.06111838673623,9,"car"
"313",312,26,"0",2,"1","1","3",0.169247797791088,24,"furniture/equipment"
"314",313,25,"1",1,"1","1","2",-0.91622354957191,12,"car"
"316",315,31,"1",2,"1","1","1",-0.186081106061747,36,"furniture/equipment"
"317",316,38,"1",1,"1","1","1",-0.908075429144577,12,"furniture/equipment"
"320",319,27,"0",1,"1","1","1",0.131695590604248,15,"furniture/equipment"
"321",320,28,"1",3,"1","1","2",0.346380850559201,30,"car"
"322",321,32,"1",2,"1","1","1",-0.472328119335019,24,"radio/TV"
"323",322,34,"1",3,"2","1","1",-0.127981464753806,24,"car"
"324",323,28,"1",2,"1","3","1",-0.216902257243399,18,"furniture/equipment"
"326",325,39,"1",1,"1","1","1",0.0449003947478725,8,"car"
"329",328,31,"1",2,"1","1","3",0.425736458199316,36,"radio/TV"
"330",329,28,"1",2,"1","1","2",-0.780539631151536,6,"radio/TV"
"331",330,75,"1",3,"2","1","1",1.18457445625791,24,"car"
"333",332,24,"0",3,"1","2","2",1.46550747794814,60,"car"
"335",334,23,"1",2,"3","1","1",0.297137861889666,24,"furniture/equipment"
"336",335,44,"1",3,"3","1","1",0.0399406692703653,6,"furniture/equipment"
"337",336,23,"0",1,"1","1","2",-0.414582744132614,13,"radio/TV"
"339",338,28,"1",2,"1","1","1",0.318039562116303,24,"furniture/equipment"
"340",339,31,"1",1,"1","1","2",-0.620057085343625,10,"furniture/equipment"
"341",340,24,"0",2,"2","1","2",0.875654412230324,24,"education"
"342",341,26,"0",1,"3","1","1",0.116107881960654,21,"furniture/equipment"
"343",342,25,"1",2,"3","4","2",-0.0206388347763294,18,"radio/TV"
"344",343,33,"1",3,"1","1","2",0.413691410611084,18,"business"
"345",344,37,"1",1,"1","1","3",0.240101018898333,10,"car"
"347",346,23,"1",2,"1","1","2",-0.846433126781274,13,"radio/TV"
"348",347,23,"0",0,"3","4","2",0.172436192740914,24,"radio/TV"
"350",349,32,"1",2,"2","3","2",-0.756449535975072,9,"education"
"352",351,29,"0",2,"1","1","2",-0.819154636654984,9,"furniture/equipment"
"354",353,28,"1",2,"3","1","1",1.03719975635484,12,"radio/TV"
"356",355,23,"1",1,"1","1","2",-0.717480264366087,24,"car"
"360",359,23,"0",2,"3","1","1",-0.306531581944064,30,"furniture/equipment"
"363",362,36,"0",2,"1","1","3",-0.362859892724324,12,"car"
"365",364,25,"1",0,"1","1","1",-0.282795752873137,18,"furniture/equipment"
"368",367,22,"0",2,"3","1","1",0.134175453343002,18,"furniture/equipment"
"369",368,42,"1",2,"1","1","1",0.0619051678136114,36,"furniture/equipment"
"370",369,40,"0",2,"3","1","2",-0.0957432491500095,18,"furniture/equipment"
"375",374,60,"0",3,"2","2","2",4.07786574017228,60,"vacation/others"
"376",375,37,"0",2,"3","1","1",1.56363918918168,48,"business"
"379",378,57,"1",3,"2","1","2",3.91348626720347,36,"car"
"382",381,38,"0",3,"2","1","2",3.43806115357385,18,"car"
"384",383,26,"1",2,"1","1","3",-0.687721911501044,12,"car"
"388",387,40,"1",3,"1","1","2",1.45346243035991,18,"furniture/equipment"
"389",388,27,"1",2,"1","4","2",-0.334872870386963,15,"business"
"392",391,19,"0",1,"3","3","2",-0.810652250122115,12,"furniture/equipment"
"393",392,39,"1",3,"2","1","1",-0.00788525497702527,36,"car"
"394",393,31,"0",2,"1","1","1",-0.46559706332983,6,"radio/TV"
"396",395,32,"1",2,"3","2","2",3.0072735692418,39,"education"
"397",396,55,"0",3,"2","1","1",-0.245597811791833,12,"furniture/equipment"
"398",397,46,"1",2,"1","1","1",-0.327079016065166,36,"furniture/equipment"
"399",398,46,"1",2,"3","1","2",-0.725628384793421,12,"car"
"406",405,22,"1",2,"1","1","2",-0.43654724267586,24,"radio/TV"
"408",407,27,"1",2,"1","1","1",-0.785853622734579,15,"radio/TV"
"410",409,28,"1",2,"1","4","3",-0.826239958765709,12,"car"
"411",410,20,"0",2,"1","1","2",-0.462054402274468,24,"radio/TV"
"417",416,33,"1",1,"1","1","1",-0.245243545686297,12,"car"
"423",422,47,"1",1,"1","1","2",-0.819508902760521,12,"car"
"426",425,21,"1",2,"3","1","2",-0.174390324579052,18,"car"
"430",429,55,"0",0,"2","1","1",-0.737319166276116,18,"repairs"
"432",431,29,"1",3,"1","1","2",2.85423061165015,24,"vacation/others"
"433",432,36,"1",3,"2","1","1",-0.495709682300409,6,"furniture/equipment"
"435",434,25,"1",2,"1","1","1",-0.402183430438846,9,"furniture/equipment"
"439",438,65,"1",0,"1","1","1",0.0434833303257276,42,"repairs"
"440",439,26,"0",0,"1","1","3",-0.943147773592664,12,"business"
"442",441,30,"0",2,"1","1","1",-0.584984740895539,12,"furniture/equipment"
"443",442,29,"1",2,"1","1","2",-0.227530240409486,20,"vacation/others"
"445",444,30,"0",3,"1","1","2",0.646444241948385,48,"furniture/equipment"
"447",446,34,"0",2,"1","1","1",-0.506337665466496,36,"car"
"448",447,35,"1",2,"1","1","2",-0.246306344002906,7,"radio/TV"
"450",449,61,"1",2,"1","3","2",-0.623245480293451,15,"repairs"
"455",454,31,"1",2,"1","1","1",0.547603998503778,24,"car"
"457",456,36,"1",2,"3","1","1",0.224513310254739,11,"car"
"458",457,35,"1",2,"2","1","1",0.0406492014814378,12,"car"
"459",458,27,"0",2,"1","1","1",-1.0373825576653,6,"domestic appliances"
"461",460,37,"1",2,"1","1","1",0.123547470176915,36,"furniture/equipment"
"462",461,36,"1",2,"1","1","1",-0.54920386423638,15,"car"
"463",462,34,"0",3,"3","1","2",-0.0900749914614299,12,"furniture/equipment"
"466",465,63,"1",2,"1","1","1",-0.123021739276299,24,"car"
"467",466,29,"0",1,"3","1","1",-0.571168362779626,24,"radio/TV"
"471",470,22,"1",2,"3","2","2",-0.0635050335462129,24,"radio/TV"
"472",471,23,"0",2,"1","1","1",-1.000184616584,6,"education"
"473",472,28,"1",1,"1","1","1",-0.927205798843534,9,"car"
"475",474,33,"1",2,"1","1","2",-0.717834530471624,18,"radio/TV"
"476",475,26,"0",2,"3","1","1",-0.0557111792244159,18,"furniture/equipment"
"478",477,25,"1",2,"1","1","3",0.666283143858414,24,"radio/TV"
"479",478,39,"1",1,"1","2","2",-0.791521880423159,12,"business"
"480",479,44,"1",2,"1","1","1",-0.635290527881683,15,"furniture/equipment"
"481",480,23,"0",1,"1","1","2",0.106896963216712,12,"radio/TV"
"482",481,26,"1",2,"1","1","2",-0.733422239115218,24,"car"
"483",482,57,"0",2,"3","3","1",0.124256002387987,30,"furniture/equipment"
"486",485,47,"1",3,"1","1","2",-0.730588110270928,6,"car"
"492",491,42,"0",3,"2","1","2",1.78788963398611,27,"business"
"495",494,39,"1",1,"3","1","1",-0.407143155916353,12,"car"
"497",496,29,"1",3,"3","2","2",2.04154416555005,36,"furniture/equipment"
"499",498,32,"1",1,"1","1","2",-0.697995628561595,18,"radio/TV"
"500",499,28,"1",2,"1","2","3",-0.690201774239798,6,"car"
"501",500,27,"0",2,"1","1","1",-0.0525227842745898,24,"car"
"502",501,42,"1",2,"2","1","1",0.787087885846267,36,"car"
"503",502,49,"1",2,"1","2","3",-0.759992197030435,9,"radio/TV"
"504",503,38,"1",2,"1","2","2",-0.728108247532174,24,"radio/TV"
"505",504,24,"0",2,"3","1","1",-0.731296642482,24,"car"
"507",506,36,"1",2,"1","4","3",-0.322827822798731,15,"car"
"508",507,34,"1",3,"1","2","2",1.26782699105893,15,"car"
"511",510,26,"1",2,"1","1","1",-0.89000785776223,12,"car"
"513",512,26,"1",2,"3","1","3",-0.206982806288385,15,"business"
"514",513,20,"1",2,"3","1","2",-0.951650160125533,12,"radio/TV"
"516",515,37,"0",2,"1","1","1",-0.943147773592664,6,"car"
"517",516,40,"1",1,"1","1","1",-0.676739662229421,6,"car"
"519",518,43,"1",2,"1","2","1",-0.732713706904145,6,"car"
"522",521,24,"0",2,"1","1","1",-0.0287869552036626,18,"radio/TV"
"523",522,53,"1",2,"2","1","1",1.36312457344817,48,"furniture/equipment"
"525",524,26,"0",1,"1","1","2",-0.764597656402406,18,"radio/TV"
"526",525,30,"1",2,"1","1","2",1.66318796483736,26,"car"
"529",528,31,"1",2,"3","1","1",-0.343375256919832,36,"radio/TV"
"530",529,41,"1",1,"1","1","1",-0.924371669999244,6,"car"
"531",530,32,"1",2,"1","1","2",-0.353648973980383,36,"education"
"532",531,28,"0",2,"3","2","2",-0.226821708198413,15,"car"
"536",535,33,"1",2,"3","1","3",-0.337352733125716,21,"education"
"538",537,37,"0",2,"1","1","2",0.120713341332625,18,"furniture/equipment"
"539",538,42,"1",3,"2","1","1",1.5912719454135,48,"car"
"540",539,45,"0",1,"1","1","3",-0.0787384760842706,18,"furniture/equipment"
"541",540,23,"1",2,"3","1","2",-0.615451625971654,12,"radio/TV"
"544",543,34,"1",1,"1","1","3",-0.144277705608473,18,"furniture/equipment"
"546",545,43,"1",2,"2","1","1",-0.686659113184436,24,"car"
"549",548,24,"0",1,"1","1","1",-0.937125249798548,12,"radio/TV"
"553",552,34,"1",2,"1","1","1",1.32061264078383,48,"radio/TV"
"554",553,27,"1",2,"1","2","2",-0.452134951319454,12,"car"
"555",554,67,"0",3,"1","1","2",-0.73413077132629,9,"education"
"556",555,22,"1",2,"1","1","2",-0.687367645395508,12,"radio/TV"
"557",556,28,"0",2,"1","2","2",-0.351877643452701,18,"car"
"559",558,27,"1",2,"1","1","1",0.0994573750004514,24,"furniture/equipment"
"560",559,31,"1",1,"1","1","2",-0.475870780390381,18,"furniture/equipment"
"562",561,24,"1",1,"3","1","1",-0.611200432705219,24,"radio/TV"
"563",562,29,"0",2,"1","1","3",-0.916932081782983,6,"radio/TV"
"566",565,23,"0",2,"3","2","2",-0.608720569966466,24,"radio/TV"
"567",566,36,"1",2,"1","1","1",-0.672842735068523,12,"car"
"570",569,31,"0",2,"1","1","1",1.23523450934959,48,"radio/TV"
"571",570,23,"0",1,"3","1","1",-0.0131992465600687,24,"furniture/equipment"
"574",573,22,"0",1,"1","1","1",-0.873357350802027,15,"business"
"575",574,27,"1",1,"1","1","2",-0.775579905674029,9,"radio/TV"
"577",576,27,"0",2,"1","1","2",-0.120896142643082,12,"radio/TV"
"579",578,27,"1",2,"1","1","2",-0.159865414252067,36,"car"
"581",580,30,"1",2,"1","1","2",-0.78479082441797,18,"car"
"582",581,49,"1",1,"1","1","2",-0.0521685181690536,12,"car"
"584",583,33,"1",1,"3","1","2",-0.314325436265861,36,"repairs"
"586",585,20,"0",2,"3","1","1",-0.43654724267586,18,"furniture/equipment"
"587",586,36,"1",2,"3","1","1",-0.167305002468327,9,"car"
"588",587,21,"1",1,"1","1","1",-0.70224682182803,12,"furniture/equipment"
"589",588,47,"1",1,"1","1","1",-0.727753981426638,18,"domestic appliances"
"590",589,60,"1",2,"1","1","1",-0.363214158829861,12,"furniture/equipment"
"591",590,58,"0",1,"1","1","1",-1.02250338123278,12,"radio/TV"
"594",593,20,"0",1,"3","1","2",-0.196000557016762,24,"car"
"596",595,32,"0",1,"1","2","2",-0.829074087609999,6,"car"
"597",596,23,"0",2,"3","1","1",-0.648044107680987,24,"car"
"598",597,36,"1",1,"1","1","2",0.343546721714912,24,"business"
"601",600,45,"0",2,"1","1","2",-0.333810072070354,7,"radio/TV"
"602",601,30,"0",2,"1","1","2",-0.83367954698197,9,"furniture/equipment"
"603",602,34,"0",1,"2","1","2",-0.508108995994177,24,"education"
"605",604,23,"0",2,"1","1","3",-0.707206547305537,10,"furniture/equipment"
"606",605,22,"1",2,"1","4","1",-0.157031285407777,24,"furniture/equipment"
"608",607,50,"0",2,"2","2","2",-0.212651063976964,36,"radio/TV"
"611",610,22,"0",2,"1","2","1",-0.896384647661882,12,"domestic appliances"
"612",611,48,"0",1,"2","2","3",-0.719605860999305,10,"car"
"613",612,29,"0",2,"1","3","1",0.0303754844208872,21,"radio/TV"
"614",613,22,"0",2,"3","1","1",0.12779866344335,24,"car"
"618",617,37,"1",2,"3","1","1",0.143386372086944,6,"car"
"619",618,21,"0",2,"3","2","2",0.0601338372859303,30,"furniture/equipment"
"621",620,27,"1",2,"1","1","2",0.134883985554074,21,"business"
"624",623,22,"0",2,"3","1","1",-0.500669407777917,12,"furniture/equipment"
"625",624,65,"1",2,"2","1","1",-0.237803957470036,18,"radio/TV"
"627",626,41,"1",2,"1","1","3",-0.40926875254957,6,"furniture/equipment"
"628",627,29,"1",2,"1","2","2",-0.649815438208668,9,"car"
"631",630,28,"0",2,"1","1","1",0.137718114398364,24,"radio/TV"
"632",631,44,"1",2,"1","1","1",-0.608720569966466,18,"furniture/equipment"
"635",634,25,"0",1,"1","1","2",-0.678865258862639,24,"car"
"640",639,26,"1",2,"1","1","1",0.389247049329085,42,"radio/TV"
"641",640,27,"0",0,"1","1","1",-0.893196252712056,18,"education"
"642",641,38,"1",1,"1","1","2",-0.695515765822841,15,"repairs"
"645",644,32,"1",3,"1","1","1",-0.49287555345612,18,"radio/TV"
"647",646,32,"1",2,"1","1","1",0.464705729808301,30,"furniture/equipment"
"649",648,38,"1",2,"2","1","3",-0.823405829921419,24,"car"
"650",649,40,"1",1,"3","1","1",-0.916577815677447,12,"education"
"651",650,50,"1",3,"2","1","1",1.4895975731246,48,"education"
"652",651,37,"1",1,"1","1","2",-0.477996377023598,12,"furniture/equipment"
"653",652,45,"1",2,"1","1","1",-0.343020990814296,24,"car"
"654",653,42,"1",3,"1","2","2",1.7056998975017,36,"car"
"656",655,22,"1",2,"2","1","1",0.248603405431203,14,"car"
"657",656,41,"1",1,"1","1","2",-0.844307530148056,12,"car"
"659",658,28,"0",2,"1","1","2",0.336461399604187,30,"business"
"660",659,41,"1",2,"1","1","2",1.09459086545171,18,"furniture/equipment"
"661",660,23,"1",2,"3","1","3",-0.69941269298374,12,"radio/TV"
"664",663,35,"1",3,"1","1","2",-0.786916421051188,6,"furniture/equipment"
"665",664,50,"0",1,"1","1","3",-0.787979219367796,6,"education"
"667",666,34,"1",2,"1","3","2",0.0796184730904227,30,"furniture/equipment"
"669",668,43,"1",2,"3","1","1",0.55681491724772,12,"car"
"670",669,47,"1",2,"1","1","3",-0.0900749914614299,30,"radio/TV"
"678",677,24,"1",2,"1","2","2",0.823223028610963,72,"radio/TV"
"679",678,64,"1",1,"3","1","1",-0.314325436265861,24,"radio/TV"
"685",684,31,"1",1,"1","2","2",2.33310517040636,36,"business"
"688",687,30,"1",2,"2","2","2",-0.144986237819545,36,"car"
"690",689,31,"1",2,"1","3","1",0.134529719448538,12,"car"
"691",690,25,"1",2,"1","1","1",-0.813486378966405,15,"furniture/equipment"
"692",691,25,"0",1,"1","2","2",-0.226821708198413,15,"repairs"
"693",692,29,"1",2,"1","2","2",-0.132941190231313,24,"radio/TV"
"697",696,29,"1",2,"1","1","2",-0.768140317457768,12,"radio/TV"
"700",699,40,"1",3,"3","1","3",-0.484018900817714,15,"education"
"702",701,46,"1",2,"2","1","1",1.08396288228563,48,"car"
"703",702,47,"0",2,"2","2","3",-0.671071404540842,24,"radio/TV"
"704",703,41,"1",2,"1","2","2",-0.27216776970705,30,"business"
"705",704,32,"0",2,"1","1","2",-0.263311117068645,27,"business"
"707",706,24,"1",2,"1","2","2",1.16508982045342,48,"car"
"708",707,25,"0",2,"3","1","2",-0.107079764527169,12,"furniture/equipment"
"709",708,25,"0",2,"1","1","2",-0.731650908587536,9,"radio/TV"
"710",709,37,"1",1,"1","1","2",-0.408560220338498,9,"radio/TV"
"712",711,35,"0",2,"2","1","1",-0.734485037431826,6,"education"
"714",713,25,"1",1,"1","1","1",-0.755741003764,9,"radio/TV"
"715",714,27,"1",3,"1","1","2",3.81039483049243,60,"car"
"720",719,31,"1",2,"1","2","2",1.0191321849725,20,"car"
"721",720,34,"1",3,"1","1","3",-0.685242048762291,9,"radio/TV"
"722",721,24,"0",2,"3","3","2",-1.00549860816704,6,"education"
"723",722,24,"0",1,"1","1","1",-0.723857054265739,12,"car"
"724",723,66,"0",1,"1","4","2",-0.879025608490607,9,"radio/TV"
"728",727,25,"0",2,"3","1","1",-0.492167021245047,18,"radio/TV"
"729",728,59,"0",2,"3","1","2",1.1140755012562,48,"business"
"730",729,36,"1",2,"1","3","3",-0.707206547305537,24,"business"
"731",730,33,"1",2,"1","1","2",1.10947004188423,24,"radio/TV"
"732",731,21,"1",1,"3","1","1",-0.454969080163743,24,"radio/TV"
"733",732,44,"0",1,"1","1","2",-0.889653591656694,8,"radio/TV"
"737",736,23,"0",3,"3","1","2",2.93642034813455,24,"car"
"738",737,35,"1",1,"1","2","1",0.392789710384447,18,"car"
"740",739,26,"0",1,"3","2","2",0.357363099830824,30,"business"
"741",740,32,"1",2,"1","2","1",-0.335227136492499,24,"car"
"742",741,23,"1",1,"1","1","2",-0.78762495326226,10,"radio/TV"
"744",743,22,"1",2,"1","4","1",-0.279253091817775,24,"furniture/equipment"
"746",745,28,"1",1,"1","1","1",-0.522279640215626,13,"business"
"747",746,23,"0",2,"3","1","1",-0.269333640862761,15,"car"
"748",747,37,"0",1,"1","1","1",-0.707560813411073,12,"car"
"751",750,49,"0",2,"1","1","1",-1.00726993869472,6,"furniture/equipment"
"752",751,23,"0",1,"1","1","1",-0.813132112860869,18,"car"
"753",752,23,"0",1,"3","2","2",-0.860958037108259,12,"business"
"757",756,74,"1",0,"1","1","3",-0.698704160772667,6,"car"
"760",759,35,"1",2,"1","1","1",-0.914097952938693,12,"car"
"762",761,24,"0",2,"3","1","1",-0.40643462370528,18,"furniture/equipment"
"763",762,24,"1",1,"1","1","1",-0.37455067420702,12,"radio/TV"
"766",765,40,"1",1,"1","1","2",-0.749718479969884,12,"radio/TV"
"767",766,31,"1",1,"1","1","1",-0.0578367758576332,30,"furniture/equipment"
"769",768,28,"1",2,"3","1","2",0.122484671860306,12,"furniture/equipment"
"772",771,25,"0",3,"1","1","1",1.69826030928544,36,"education"
"775",774,66,"1",0,"2","4","3",-0.63458199567061,12,"car"
"778",777,25,"0",2,"1","1","1",0.0842239324623937,18,"radio/TV"
"780",779,67,"0",2,"1","1","2",0.212822528772044,18,"repairs"
"781",780,25,"1",2,"1","1","2",0.58869886674598,39,"radio/TV"
"783",782,31,"1",1,"1","1","2",-0.659380623058146,12,"education"
"784",783,23,"0",1,"1","2","2",-0.86272936763594,12,"car"
"786",785,35,"1",1,"1","3","2",-0.47126532101841,18,"business"
"789",788,50,"1",2,"2","1","2",1.04605640899325,48,"education"
"790",789,27,"1",2,"1","1","1",0.965992269142062,40,"education"
"791",790,39,"0",2,"1","1","2",-0.738027698487189,21,"business"
"794",793,51,"1",2,"2","1","3",-0.134358254653458,24,"furniture/equipment"
"802",801,48,"0",1,"3","1","2",-0.522988172426699,18,"radio/TV"
"803",802,24,"0",2,"1","1","1",0.354528970986535,20,"furniture/equipment"
"806",805,24,"1",2,"1","1","1",2.12550523256213,36,"car"
"807",806,26,"1",1,"1","1","2",-0.949878829597852,6,"radio/TV"
"809",808,55,"1",3,"2","1","2",2.12975642582857,42,"car"
"810",809,26,"0",0,"3","1","2",-0.529010696220815,15,"car"
"811",810,26,"1",2,"1","1","2",-0.837576474142868,8,"business"
"812",811,28,"1",1,"1","1","2",-0.987431036784692,6,"radio/TV"
"813",812,24,"1",2,"1","1","1",2.2523324983441,36,"car"
"814",813,54,"1",2,"1","1","1",-0.0780299438731982,48,"domestic appliances"
"815",814,46,"1",2,"2","1","1",0.233724228998681,48,"car"
"816",815,54,"0",2,"3","1","2",1.47400986448101,36,"car"
"819",818,43,"1",3,"1","1","1",4.45870180362372,36,"vacation/others"
"820",819,26,"1",2,"1","1","1",-0.682407919918001,18,"radio/TV"
"822",821,24,"1",2,"1","1","3",-0.0904292575669661,12,"radio/TV"
"823",822,41,"1",2,"1","1","1",-0.198126153649979,36,"furniture/equipment"
"824",823,47,"1",1,"1","1","1",-0.899927308717244,8,"car"
"826",825,30,"1",2,"1","1","1",-0.591361530795191,21,"car"
"827",826,33,"0",2,"3","1","1",0.246123542692449,18,"car"
"832",831,23,"0",2,"3","1","1",-0.728108247532174,18,"car"
"833",832,29,"1",2,"3","1","1",3.02711247115183,45,"business"
"835",834,25,"0",1,"1","1","3",-0.334518604281426,15,"radio/TV"
"836",835,48,"1",2,"1","1","1",-0.775579905674029,12,"car"
"839",838,63,"1",2,"1","1","1",-0.111330957793603,24,"car"
"841",840,29,"1",2,"1","1","1",0.675848328707892,36,"furniture/equipment"
"849",848,59,"1",2,"1","1","1",-0.675676863912813,9,"radio/TV"
"850",849,57,"1",1,"1","1","1",-0.907721163039041,12,"radio/TV"
"851",850,33,"1",2,"3","1","1",-0.367111085990759,20,"car"
"854",853,32,"1",1,"2","1","1",-0.648044107680987,18,"car"
"859",858,29,"0",2,"1","1","1",0.243643679953696,15,"car"
"863",862,35,"0",2,"1","1","1",-0.294840800461369,24,"radio/TV"
"867",866,27,"0",2,"1","1","1",-0.31255410573818,18,"radio/TV"
"870",869,24,"0",2,"3","1","1",-0.927914331054606,12,"furniture/equipment"
"872",871,46,"1",2,"1","1","3",-0.683116452129073,6,"car"
"873",872,26,"1",2,"1","2","1",-0.66930007401316,24,"business"
"875",874,29,"1",1,"1","1","1",0.112919487010828,12,"furniture/equipment"
"876",875,40,"0",2,"1","3","2",-0.690556040345334,11,"car"
"877",876,36,"1",3,"2","1","1",-0.471619587123946,18,"radio/TV"
"879",878,27,"1",3,"2","1","1",-0.655129429791712,9,"car"
"885",884,43,"1",2,"1","1","2",0.278361758296246,24,"furniture/equipment"
"886",885,53,"0",2,"1","1","1",-0.877254277962926,12,"education"
"888",887,23,"1",2,"1","1","2",4.39316257409952,48,"business"
"891",890,43,"1",3,"1","1","1",-0.29377800214476,27,"business"
"893",892,38,"1",1,"1","1","1",-0.389784116745078,12,"car"
"894",893,34,"1",2,"1","1","2",0.895847580245889,36,"car"
"897",896,28,"0",3,"3","1","1",-0.235678360836819,21,"radio/TV"
"900",899,42,"1",2,"1","1","1",0.312371304427724,18,"furniture/equipment"
"901",900,43,"1",2,"3","1","1",-0.228947304831631,16,"car"
"906",905,20,"1",3,"3","1","1",-0.766723253035623,12,"radio/TV"
"912",911,25,"0",1,"1","1","2",0.518908443955344,24,"furniture/equipment"
"915",914,31,"1",2,"3","1","1",-0.0390606722642132,24,"business"
"916",915,32,"0",3,"1","1","2",5.36810289653522,48,"vacation/others"
"918",917,68,"1",3,"1","1","1",4.11825207620341,6,"car"
"919",918,33,"1",2,"1","2","1",-0.323182088904267,24,"furniture/equipment"
"920",919,39,"1",3,"3","1","1",0.0261242911544525,24,"furniture/equipment"
"923",922,22,"0",2,"3","1","1",-0.67496833170174,9,"radio/TV"
"924",923,30,"1",2,"3","1","2",-0.4496550885807,12,"car"
"925",924,55,"1",2,"1","1","1",1.27562084538072,24,"furniture/equipment"
"926",925,46,"1",2,"1","1","1",-0.911972356305476,12,"car"
"927",926,21,"0",2,"3","1","1",-0.787270687156724,18,"furniture/equipment"
"928",927,39,"1",2,"2","1","1",2.4889822568423,48,"car"
"930",929,43,"1",1,"1","1","1",-0.682762186023537,12,"car"
"931",930,24,"1",1,"1","1","1",-0.539992945492438,24,"furniture/equipment"
"932",931,22,"0",2,"1","1","2",-0.567271435618727,9,"radio/TV"
"935",934,23,"0",2,"1","1","1",-0.628205205770958,12,"radio/TV"
"936",935,30,"1",3,"1","2","2",-0.479059175340207,30,"radio/TV"
"937",936,28,"0",1,"1","1","3",-0.894967583239737,9,"radio/TV"
"938",937,30,"1",3,"3","1","2",-0.42804485614299,6,"radio/TV"
"939",938,42,"1",2,"2","1","2",1.06872943974757,60,"education"
"945",944,46,"0",2,"3","1","1",-0.505274867149888,15,"furniture/equipment"
"946",945,30,"0",2,"1","4","2",1.80206027820756,48,"car"
"947",946,30,"1",2,"2","4","1",0.0275413555765974,24,"furniture/equipment"
"951",950,40,"1",0,"1","1","2",0.112919487010828,18,"business"
"952",951,24,"1",2,"1","1","1",-0.39899503548902,36,"business"
"953",952,28,"0",2,"3","4","2",0.298200660206275,24,"car"
"955",954,29,"0",2,"1","1","1",-0.488270094084149,12,"car"
"956",955,57,"0",3,"3","3","1",-0.722794255949131,24,"radio/TV"
"958",957,37,"1",1,"1","1","2",-0.75007274607542,9,"radio/TV"
"959",958,45,"1",1,"1","1","1",0.260294186913898,28,"car"
"960",959,30,"1",2,"2","2","2",-0.0716531539735461,24,"furniture/equipment"
"962",961,47,"1",2,"1","1","2",-0.325307685537484,21,"car"
"965",964,22,"1",1,"1","1","2",-0.998059019950779,6,"repairs"
"967",966,23,"1",1,"1","4","2",-0.266145245912935,27,"radio/TV"
"970",969,40,"1",1,"1","1","1",0.236558357842971,11,"car"
"971",970,22,"1",2,"1","2","2",-0.622536948082379,15,"repairs"
"973",972,29,"0",0,"3","1","1",-0.736256367959507,24,"car"
"974",973,36,"1",2,"3","1","1",1.42618394023362,60,"business"
"976",975,57,"0",1,"1","4","3",-0.713229071099653,24,"radio/TV"
"977",976,64,"0",2,"1","1","2",-0.892133454395447,6,"radio/TV"
"980",979,25,"1",2,"3","2","2",-0.711103474466435,15,"car"
"981",980,49,"1",2,"1","1","2",1.81197972916257,30,"furniture/equipment"
"983",982,28,"0",3,"1","2","3",-0.123376005381835,21,"car"
"984",983,26,"1",2,"1","1","1",1.75635995059338,36,"car"
"986",985,25,"0",2,"3","1","1",-0.651232502630813,15,"furniture/equipment"
"987",986,33,"1",2,"1","1","3",1.0690837058531,42,"business"
"989",988,29,"1",3,"2","1","1",1.17182087645861,24,"car"
"990",989,48,"1",1,"1","1","2",-0.541410009914583,24,"radio/TV"
"994",993,30,"1",3,"1","1","1",0.243643679953696,36,"furniture/equipment"
"997",996,40,"1",3,"1","1","1",0.207508537189001,30,"car"
"999",998,23,"1",2,"2","1","1",-0.505274867149888,45,"radio/TV"
"1000",999,27,"1",2,"1","2","2",0.462225867069548,45,"car"
